model,fold,train_f1,cv_f1,cv_accuracy
dummy,0,0.3370165745856354,0.33774834437086093,0.51
dummy,1,0.3370165745856354,0.33774834437086093,0.51
dummy,2,0.3370165745856354,0.33774834437086093,0.51
dummy,3,0.33738266151297625,0.336283185840708,0.5066666666666667
dummy,4,0.33738266151297625,0.336283185840708,0.5066666666666667
tree_1,0,0.8999974999374984,0.8766543320998766,0.8766666666666667
tree_1,1,0.8933285923818837,0.903332259247325,0.9033333333333333
tree_1,2,0.8974993593709961,0.8866213151927438,0.8866666666666667
tree_1,3,0.895827473628725,0.8933333333333333,0.8933333333333333
tree_1,4,0.8899923605805958,0.9166657407304526,0.9166666666666666
tree_3,0,0.9024983072622789,0.8733277034534868,0.8733333333333333
tree_3,1,0.8958297886525305,0.903332259247325,0.9033333333333333
tree_3,2,0.8991665966434699,0.8899400784871763,0.89
tree_3,3,0.8974913864289986,0.8899987777641973,0.89
tree_3,4,0.8916666666666667,0.8999599839935974,0.9
tree_full,0,1.0,0.772838626341811,0.7733333333333333
tree_full,1,1.0,0.8433176650998433,0.8433333333333334
tree_full,2,1.0,0.8397435897435898,0.84
tree_full,3,1.0,0.8099472075576549,0.81
tree_full,4,1.0,0.8233156648998233,0.8233333333333334
tree_3_leaf20,0,0.8999974999374984,0.8766543320998766,0.8766666666666667
tree_3_leaf20,1,0.8933285923818837,0.903332259247325,0.9033333333333333
tree_3_leaf20,2,0.8974993593709961,0.8866213151927438,0.8866666666666667
tree_3_leaf20,3,0.895827473628725,0.8933333333333333,0.8933333333333333
tree_3_leaf20,4,0.8899923605805958,0.9166657407304526,0.9166666666666666
bagging,0,0.8999974999374984,0.8766543320998766,0.8766666666666667
bagging,1,0.8949927078269324,0.903332259247325,0.9033333333333333
bagging,2,0.8974993593709961,0.8866213151927438,0.8866666666666667
bagging,3,0.8966563322998966,0.8899987777641973,0.89
bagging,4,0.8916558322498916,0.9166657407304526,0.9166666666666666
forest,0,0.8999974999374984,0.8766543320998766,0.8766666666666667
forest,1,0.8941577729795351,0.903332259247325,0.9033333333333333
forest,2,0.8966655185057611,0.8832697802136719,0.8833333333333333
forest,3,0.8966563322998966,0.8899987777641973,0.89
forest,4,0.8899889988998899,0.9166657407304526,0.9166666666666666
adaboost,0,0.8999974999374984,0.8766543320998766,0.8766666666666667
adaboost,1,0.8933285923818837,0.903332259247325,0.9033333333333333
adaboost,2,0.8974993593709961,0.8866213151927438,0.8866666666666667
adaboost,3,0.895827473628725,0.8933333333333333,0.8933333333333333
adaboost,4,0.8899923605805958,0.9166657407304526,0.9166666666666666
gradient,0,0.9058327447879883,0.8733277034534868,0.8733333333333333
gradient,1,0.9008216936571027,0.8999955553580159,0.9
gradient,2,0.9008327135377929,0.8866213151927438,0.8866666666666667
gradient,3,0.9016568323499017,0.8899987777641973,0.89
gradient,4,0.8983262726578235,0.9133294813102805,0.9133333333333333
stacking,0,0.9008299587972091,0.8766543320998766,0.8766666666666667
stacking,1,0.8949927078269324,0.903332259247325,0.9033333333333333
stacking,2,0.8983322036911521,0.8899400784871763,0.89
stacking,3,0.8974913864289986,0.8899987777641973,0.89
stacking,4,0.8916558322498916,0.9166657407304526,0.9166666666666666
