id,x1,x2,target,split
0,-1.8800755,-2.7582986,0,train
1,-2.1645453,1.7857941,1,test
2,-1.7309163,2.2443335,1,train
3,-1.9070867,2.362938,1,train
4,-1.9364756,-2.434164,0,test
5,-1.9698362,2.156327,1,train
6,-1.7701536,3.6921828,1,test
7,-2.2957196,-0.19439434,0,train
8,-2.130294,-1.0399168,0,train
9,-2.0673199,-1.6946871,1,train
10,-2.1318038,1.9214473,1,train
11,-2.139152,-0.9441066,0,test
12,-2.2220898,2.4901466,1,train
13,-2.057356,-1.6672149,1,train
14,-1.981812,2.749134,0,train
15,-2.2825701,1.4059346,1,test
16,-1.8394023,1.912278,1,test
17,-2.0125792,-2.0183885,0,train
18,-2.0558412,1.592625,1,train
19,-2.0623298,-1.7447026,0,train
20,-1.9065039,1.908857,1,test
21,-2.0275228,-1.7910312,0,train
22,-2.0121105,2.423724,1,train
23,-2.0084422,-1.7573106,0,train
24,-2.0701785,-1.4101273,0,train
25,-2.3868527,0.1545881,0,train
26,-2.6659021,0.28474763,1,test
27,-2.0065405,-1.9503483,0,train
28,-2.343615,1.0842861,0,test
29,-2.044167,2.2673812,1,train
30,-1.9728467,-2.181068,0,test
31,-1.9970359,2.4633517,1,train
32,-2.075396,0.75153387,0,train
33,-1.8774722,2.1836803,1,train
34,-1.6126437,3.1123672,1,train
35,-2.0459912,2.1927102,1,train
36,-2.0695097,-1.4098068,0,train
37,-1.9477705,2.022719,1,train
38,-1.9602,-2.2223985,0,train
39,-2.2024467,-0.89567566,0,train
40,-1.9485943,-2.2691724,0,train
41,-2.0124817,-1.9377695,0,test
42,-1.9573556,-2.1952577,0,test
43,-1.9910066,2.7501855,1,train
44,-2.0681746,-1.2981521,0,train
45,-1.8347322,-2.6920354,0,train
46,-1.9526913,2.729289,1,test
47,-2.2336166,2.0212145,1,train
48,-2.2018409,-0.3541139,0,train
49,-1.9856822,1.8844609,0,train
50,-2.1108773,-1.2026662,0,train
51,-1.7890123,-3.3963234,0,test
52,-1.8606405,-2.929009,1,test
53,-2.33342,2.0453804,1,train
54,-1.8413261,-3.26195,0,train
55,-2.1578743,-1.0960633,0,train
56,-1.96948,2.3462508,1,train
57,-1.9696779,-2.1399045,0,train
58,-2.1592703,0.91280496,1,train
59,-2.0564413,-1.7864144,0,train
60,-2.2825122,1.2622956,1,test
61,-2.1959357,-0.73520243,0,test
62,-1.8442898,1.3817937,1,train
63,-2.0343196,-1.8801687,1,train
64,-2.002408,-1.9903271,1,train
65,-1.9340591,3.0987244,1,train
66,-1.9052719,-2.6210845,0,train
67,-1.6484051,3.5191762,1,train
68,-2.0979419,1.581692,1,train
69,-1.6883371,2.501276,0,test
70,-2.0086772,-2.3834739,0,test
71,-2.1202962,1.5226231,1,train
72,-1.8440653,2.810601,1,train
73,-2.211596,-0.736799,0,train
74,-2.410401,1.0085064,1,train
75,-1.9579461,2.6900485,1,test
76,-2.1424882,1.7558519,1,train
77,-1.8874742,1.9792454,1,train
78,-2.0234318,2.319719,1,test
79,-2.1618931,-0.82426447,0,train
80,-2.0270643,2.2295165,1,train
81,-2.2931218,-0.13574009,0,train
82,-1.9491206,-2.0501533,1,train
83,-2.2618563,-0.25940472,0,train
84,-2.3625824,1.7572323,1,train
85,-1.9231867,3.0030823,1,train
86,-2.260148,1.1167586,0,test
87,-2.00692,-1.5980594,0,train
88,-1.9111615,-2.6860325,0,train
89,-1.9998591,-2.0858126,0,train
90,-1.7763522,1.7860594,1,test
91,-2.127273,2.8876266,1,train
92,-1.7884364,2.9201167,1,test
93,-1.9850956,1.5075366,1,train
94,-2.4213295,1.9390869,1,test
95,-2.1301293,-0.88980734,0,train
96,-2.063843,2.093958,1,train
97,-1.7390624,-3.898644,0,train
98,-1.8006865,2.1803906,0,train
99,-1.8344598,-2.8780868,0,test
100,-2.0156963,1.1949639,1,train
101,-2.021528,1.707936,1,train
102,-1.8006531,2.3461525,1,train
103,-1.9357953,-2.5752125,0,train
104,-2.0053473,2.125284,0,train
105,-2.1701226,-1.0824633,0,train
106,-2.199966,0.7558649,1,train
107,-1.6205096,3.1325734,1,train
108,-1.8850182,-2.60458,0,train
109,-2.030873,-1.4557602,0,test
110,-1.8765806,-2.50979,0,train
111,-2.182622,2.477704,1,train
112,-2.1055949,-1.0822887,0,train
113,-2.0442755,-1.952921,0,train
114,-1.8057606,-2.82006,0,train
115,-2.4251404,1.3777738,0,train
116,-2.1386151,-1.364771,0,test
117,-1.913252,-2.5726545,0,train
118,-2.0124376,-1.9683673,0,train
119,-1.9611334,-2.4007964,1,train
120,-1.8218904,-3.3781836,0,train
121,-2.145267,1.0750396,1,train
122,-2.0895352,-1.3896936,0,test
123,-1.8402414,2.6814065,1,train
124,-2.038026,1.8965781,1,train
125,-2.1957529,-1.0311443,0,train
126,-1.7783599,1.7212207,1,test
127,-2.156226,1.38198,1,train
128,-2.2580342,1.612013,1,train
129,-1.6375154,3.0859318,1,train
130,-2.0653126,1.1990664,1,train
131,-1.8205274,-3.3834782,0,test
132,-2.01711,-1.3928167,0,train
133,-1.6651396,-4.147832,0,train
134,-1.9395592,-2.4036067,1,train
135,-2.2615554,1.9617122,1,test
136,-2.1671264,-0.9337813,0,train
137,-1.757909,2.163385,1,train
138,-1.9251051,-2.396941,0,train
139,-1.8710198,-3.0188787,0,train
140,-1.8741673,-3.0576642,0,train
141,-2.0299902,-1.9119767,0,test
142,-2.1429787,-0.91171026,0,train
143,-1.9847374,-2.168516,0,train
144,-1.9184434,-2.1404617,0,train
145,-2.127777,-1.2227584,0,train
146,-2.3465722,-0.014822605,1,train
147,-1.9889643,2.2974625,1,train
148,-2.1020217,-1.2030044,0,train
149,-1.7253993,3.1162903,1,train
150,-2.2310061,-1.298258,0,train
151,-1.7285359,1.888954,1,train
152,-2.2702215,1.453461,1,test
153,-2.228893,2.1037784,1,train
154,-1.782498,3.5353305,1,train
155,-2.1316667,1.814092,1,test
156,-1.8481157,2.0667377,1,train
157,-2.1531346,-1.0738314,0,train
158,-2.2295542,1.1446685,1,train
159,-1.7563176,-3.3840418,0,train
160,-2.165686,-0.87116134,0,test
161,-2.298804,-0.34103823,0,train
162,-1.9911752,-2.3025486,0,train
163,-1.9625471,2.1167486,1,train
164,-1.7846605,2.994794,1,train
165,-1.9817872,2.0853367,1,train
166,-2.0465593,2.0278847,1,test
167,-2.0625868,-1.5984082,1,train
168,-2.0280244,-1.7593378,0,train
169,-1.9190958,-2.6166239,1,train
170,-1.9493383,-2.5485728,0,train
171,-2.1389196,-0.8709189,0,test
172,-2.0711453,1.049099,1,train
173,-1.8632889,-2.508066,0,train
174,-1.87256,1.667337,1,train
175,-1.6906406,3.023653,1,test
176,-1.7911619,-3.5003357,0,test
177,-2.04452,-1.9588683,0,train
178,-2.3581264,1.5785168,1,test
179,-1.9631399,0.9533237,1,train
180,-2.0520205,1.8818707,1,train
181,-2.0360181,2.3405387,1,train
182,-1.8845695,3.0145538,1,train
183,-1.8819783,-2.8305888,0,train
184,-2.135317,2.0056458,1,test
185,-2.1861672,-1.1156332,0,train
186,-2.1962216,-0.506929,0,test
187,-1.941445,3.079299,1,train
188,-1.5198809,3.1469812,1,test
189,-2.2502549,1.3794066,1,train
190,-2.056882,-1.3878231,0,train
191,-2.039539,-1.6584947,0,train
192,-2.2192879,-0.9523163,0,train
193,-2.1473203,1.5760252,0,test
194,-2.1193936,-1.4550939,0,train
195,-1.9574223,-2.4858222,0,train
196,-1.9511735,-2.2069373,0,test
197,-1.8800623,-2.8070676,0,test
198,-2.2135878,1.2697244,1,train
199,-1.8631368,1.7788836,1,train
200,-2.2760646,0.17817,1,train
201,-2.0029325,1.7359201,0,train
202,-1.9402924,-2.712568,0,train
203,-2.0421793,-1.8565438,0,test
204,-2.4027123,1.3142043,1,train
205,-1.8662646,2.6224484,1,train
206,-1.7633862,3.294619,1,test
207,-2.4200912,0.7048486,1,train
208,-1.7409707,2.1246617,1,test
209,-2.0386634,-1.9027724,1,train
210,-1.7508547,2.8579395,1,train
211,-2.0225656,-1.8070121,0,train
212,-2.0411463,2.9577425,1,train
213,-2.0477247,-1.8419665,0,train
214,-1.7498285,2.0061736,1,train
215,-1.901569,-2.3098738,0,test
216,-2.3920083,2.4567327,1,train
217,-2.1073472,-1.3516597,0,test
218,-1.8830429,2.3526654,1,train
219,-1.9978101,2.1209264,1,test
220,-2.1427388,0.77526796,1,train
221,-2.1884031,1.8247936,1,train
222,-2.263774,0.52742195,1,train
223,-2.017453,1.2757419,1,test
224,-2.3502836,0.95131123,1,test
225,-1.6873,2.9134371,1,train
226,-2.0182145,-1.7527143,0,train
227,-1.995238,1.166733,1,train
228,-1.9426703,1.4797142,1,train
229,-1.8774921,-2.863446,0,train
230,-1.9667246,-2.2598984,1,train
231,-2.1349273,-0.6169604,0,train
232,-2.0485766,-1.7715129,0,train
233,-2.076221,-1.5142018,0,train
234,-2.0457168,-1.4803637,1,train
235,-2.0612407,-1.4104508,0,test
236,-2.2177582,0.93318295,1,train
237,-1.8725697,2.1294863,1,train
238,-1.8831973,1.4324572,1,train
239,-1.8021142,2.913123,1,test
240,-2.0963254,-0.82700133,0,train
241,-1.8083802,1.8685311,1,train
242,-2.0011158,-2.072923,0,train
243,-1.8636395,1.3166193,1,train
244,-1.9988865,-2.4496105,0,train
245,-1.9015782,1.5202456,1,test
246,-1.8013794,-3.1555917,0,train
247,-1.5937096,2.4189293,1,train
248,-1.979317,-1.8728473,0,train
249,-2.0249615,1.7418394,0,train
250,-2.0229566,1.7017653,1,test
251,-2.4083426,2.0586529,1,test
252,-1.9165995,2.6284995,1,test
253,-2.0068586,2.6541615,1,train
254,-1.8719888,2.671038,1,train
255,-2.000007,-1.9489703,0,train
256,-2.150588,1.8393186,1,test
257,-2.4116466,1.2868822,1,train
258,-1.8823609,3.0278082,0,train
259,-2.0201921,2.493246,1,test
260,-1.99896,-1.816727,1,test
261,-1.9325392,1.79286,1,test
262,-2.2658534,0.08421197,0,test
263,-2.084677,2.4700851,1,train
264,-2.091873,-1.3215086,0,train
265,-2.11615,0.8175208,1,test
266,-1.948172,-2.3294697,0,train
267,-2.058314,-1.8461279,0,train
268,-2.08801,0.9271009,1,train
269,-1.8828876,1.4690611,1,test
270,-2.1826918,-1.178321,0,train
271,-2.0665922,-1.8001264,1,train
272,-1.783173,1.8693712,1,train
273,-2.011228,-1.6766378,1,train
274,-1.9209455,-2.3722706,1,train
275,-2.0064163,1.0149325,1,train
276,-2.0081413,-1.954891,0,train
277,-2.1820924,1.432748,1,train
278,-1.8459481,2.584071,1,train
279,-2.1642013,-0.8451442,0,train
280,-1.9147224,-2.3199098,1,train
281,-1.7446382,3.3351848,1,train
282,-1.9917415,-1.7876961,0,test
283,-2.0168273,1.3108134,1,train
284,-2.2802956,1.1548067,1,test
285,-1.8358387,1.8762436,1,test
286,-2.1386204,-1.0507876,1,train
287,-1.8097457,2.8711414,1,test
288,-1.8180448,1.9267863,1,train
289,-2.1314497,1.2966379,1,test
290,-1.9137318,-2.185642,0,train
291,-2.0787692,-1.6396271,0,test
292,-2.0590217,-1.8680209,0,train
293,-1.9404743,-2.4906042,0,train
294,-2.1242473,-1.2373519,0,train
295,-1.4808027,2.1967146,1,train
296,-1.994291,-2.0934727,0,test
297,-1.7460139,2.907129,1,train
298,-2.146903,-0.8153543,0,train
299,-2.1605759,-0.8062569,0,train
300,-2.2004526,-0.9624518,0,train
301,-1.8158902,2.1108286,1,train
302,-2.0702264,-1.8372885,0,test
303,-2.2821796,1.4779131,1,test
304,-1.9481976,-2.679442,0,train
305,-2.4690337,0.8308833,1,train
306,-2.489192,0.72044176,1,train
307,-1.9081206,-2.774009,0,train
308,-2.0507586,1.9446,1,test
309,-2.0764294,-1.582403,0,train
310,-2.2058845,-0.9729915,1,train
311,-2.064677,-1.5694046,0,train
312,-2.0276823,1.6273435,1,train
313,-1.8427185,-2.8404934,0,train
314,-1.7137383,2.8731444,1,train
315,-2.1083198,2.4095242,1,test
316,-2.1159427,-1.2228398,0,train
317,-1.9248044,-2.1997812,0,train
318,-1.9078935,-2.4926488,0,train
319,-2.1293168,2.1144404,1,train
320,-1.8239857,-3.0019164,0,train
321,-2.163237,-1.1996411,0,train
322,-1.6816264,2.949905,1,train
323,-2.1735034,-0.95535785,0,train
324,-1.8975471,-2.8176405,0,train
325,-2.0499315,2.2317564,1,train
326,-1.8569885,1.9772929,1,train
327,-2.056876,-1.2759426,0,train
328,-1.9847895,-1.93429,0,train
329,-1.7362524,2.3590732,1,test
330,-2.1354506,1.2664905,1,train
331,-1.8571969,1.7250772,1,test
332,-2.2603743,1.8596305,1,test
333,-2.2520256,0.81169134,1,train
334,-2.2308507,-0.8309339,0,train
335,-1.811671,3.2879853,1,test
336,-2.0598238,1.7285575,1,train
337,-1.9368684,3.193189,0,train
338,-1.8339425,-2.7886424,0,train
339,-2.0861487,0.44561848,1,train
340,-2.0607796,1.0560979,0,test
341,-2.0380204,-1.7542317,0,train
342,-1.6273048,3.0416713,1,train
343,-1.8986948,2.1258583,1,train
344,-1.9902856,2.0810046,1,train
345,-1.9274888,-2.4400167,0,train
346,-1.8142271,1.8464689,1,train
347,-1.8023251,1.7346636,1,train
348,-2.0499325,1.9600052,1,train
349,-1.8224287,-2.8094454,0,test
350,-1.3792198,3.240891,1,train
351,-1.9961605,-2.2186017,0,test
352,-1.8885529,-2.6965544,0,test
353,-1.8570334,1.9790218,0,train
354,-1.9083904,-2.657364,0,train
355,-2.0499082,-1.5447546,0,train
356,-1.8952883,-2.7599478,0,train
357,-1.8443717,-2.9545066,0,test
358,-1.8917443,-2.3742688,0,train
359,-2.102534,-1.385047,0,train
360,-2.2001717,2.0830314,1,train
361,-2.0454059,1.5554782,1,train
362,-2.0167696,-1.968971,0,train
363,-2.1360059,1.0550436,1,train
364,-1.9868627,-2.190242,0,test
365,-2.0087705,-1.947561,1,train
366,-2.0809717,-1.3981786,0,train
367,-2.0461452,1.5624044,1,test
368,-2.0117671,-1.7176541,0,train
369,-1.6353695,3.3142018,1,train
370,-2.1704335,-0.9024241,0,train
371,-1.896712,-2.8901014,0,train
372,-2.3229115,1.0365847,1,test
373,-1.8808587,-2.7665315,0,train
374,-1.8040013,-3.4693973,0,train
375,-2.156295,-0.9235864,0,train
376,-1.7028953,-3.547222,0,train
377,-1.8653953,2.461876,1,train
378,-1.86314,-2.882623,0,train
379,-2.0282807,1.1026698,1,train
380,-1.7554562,1.5398368,0,train
381,-1.4388255,2.8192291,1,train
382,-2.0860279,-1.4637293,0,train
383,-1.9540249,-2.0855138,0,train
384,-2.0126653,-1.7856034,0,train
385,-1.8804713,-2.7582636,0,train
386,-1.9944787,-2.4513032,0,train
387,-1.8490419,-3.031655,0,train
388,-2.0608153,-1.3748609,0,test
389,-2.2647688,1.1394979,1,test
390,-2.0036998,1.9918469,1,train
391,-1.6197006,-4.5938535,0,train
392,-2.0012095,2.0514421,0,test
393,-1.9649456,1.784009,1,train
394,-2.1193378,2.5935953,0,train
395,-2.1225548,-1.2903879,1,train
396,-2.1495857,-1.1369601,0,test
397,-1.9984357,1.3284585,1,train
398,-2.103862,1.6848392,1,train
399,-1.961749,-2.2215412,0,train
400,-2.0200899,2.054034,0,train
401,-2.185768,1.297981,1,train
402,-1.8688102,-3.1219673,0,train
403,-1.9920273,-1.9141507,0,train
404,-1.9664725,2.5191374,1,train
405,-2.0201662,-2.2119591,0,train
406,-1.9425207,2.8553143,1,test
407,-1.895436,-2.544749,0,train
408,-1.9240947,-2.6941025,0,train
409,-2.4821315,0.2468978,1,train
410,-1.8497618,2.580487,1,train
411,-1.7978247,2.4978235,1,train
412,-1.9668818,-2.4770615,0,train
413,-1.7478927,3.0706503,1,train
414,-2.2453372,1.1205128,1,train
415,-2.0511763,-1.8444271,0,test
416,-1.8161783,2.4736977,1,test
417,-1.903228,-2.3718114,0,test
418,-1.8855444,-2.9415596,0,train
419,-1.9974425,1.9830524,1,train
420,-2.0599475,-1.6510402,0,train
421,-1.7921822,2.0823848,1,test
422,-2.155153,2.317879,1,train
423,-2.0236392,-1.5710682,0,train
424,-2.0453424,-1.8707273,0,test
425,-2.2111657,1.6851685,1,train
426,-1.7961937,-3.1918156,0,test
427,-1.8978617,-2.4165993,0,train
428,-2.5450907,0.5823519,1,train
429,-2.2368205,-0.6315264,0,train
430,-2.031533,-1.9120395,0,train
431,-2.0992484,-1.2378101,1,train
432,-1.6324079,3.2234538,0,train
433,-1.9920844,2.9986405,1,train
434,-2.1623967,2.0092773,1,train
435,-1.907365,-2.7183278,0,train
436,-2.117827,-1.2734617,1,test
437,-2.215914,0.9176707,1,train
438,-1.9100844,2.0888743,1,train
439,-2.0842652,1.7118922,1,test
440,-2.0058997,2.1592336,1,test
441,-1.8856665,-2.551607,0,train
442,-1.9897784,-1.4669995,0,train
443,-1.9851178,-2.023836,0,test
444,-1.9815207,-2.205943,1,train
445,-2.004134,-1.9702357,0,train
446,-1.8625184,2.0187354,1,test
447,-1.9481145,2.0310051,0,test
448,-2.0543284,-1.5301939,0,test
449,-2.246566,2.1519408,1,train
450,-1.8026694,3.3593254,1,train
451,-2.2380817,-0.35223156,0,train
452,-2.1608093,-1.1378021,1,train
453,-2.1541672,1.110787,1,train
454,-2.2036896,-0.7819524,0,train
455,-1.9736149,-2.0108223,0,train
456,-1.9318544,-2.3395157,1,test
457,-1.9541517,2.59062,0,train
458,-2.127453,2.022231,1,train
459,-2.00439,1.7943944,1,train
460,-1.9331717,1.7699509,1,train
461,-1.9574467,-1.999663,0,train
462,-1.8146393,-3.0964434,0,train
463,-2.0380044,-1.9641953,0,test
464,-2.0572987,-1.8539729,0,train
465,-1.7494091,2.164853,1,train
466,-2.1707869,-1.2234981,0,train
467,-1.8856697,1.9780573,1,train
468,-1.6711214,-4.1040115,0,train
469,-1.970014,-2.0343924,1,train
470,-1.7979623,3.2366307,1,train
471,-2.2004158,-1.0059308,0,train
472,-1.9057595,3.014566,1,test
473,-2.1211622,1.5701078,1,train
474,-1.8140969,-2.8577094,0,train
475,-1.9388363,1.9104121,1,train
476,-1.8992708,-2.9280214,0,test
477,-2.1749468,2.4163156,1,train
478,-2.0409045,-1.7851504,0,train
479,-1.9375422,2.4492295,1,train
480,-2.059826,-1.7903048,1,train
481,-1.725243,3.077453,1,train
482,-1.9016093,-2.5477586,0,test
483,-1.8737178,-2.7859485,0,test
484,-1.966536,1.9898689,1,train
485,-1.8529819,2.737546,1,train
486,-2.0236356,1.9646299,1,train
487,-2.0803888,1.6158972,1,test
488,-1.8678691,-3.076638,0,train
489,-2.1064227,-1.4063056,0,train
490,-2.1441634,-1.4530632,0,train
491,-2.295011,-0.116000056,0,train
492,-1.9480664,-2.187183,0,train
493,-2.1258633,1.4411522,1,train
494,-1.8497819,-2.8445685,1,train
495,-2.1082258,1.998951,1,train
496,-1.8801731,-2.5549543,0,train
497,-1.9449574,-2.4097211,0,test
498,-2.00468,-1.940414,0,test
499,-1.9444216,-2.299085,0,test
500,-2.068694,-1.0392504,0,test
501,-1.6363751,3.1049094,1,train
502,-2.2680464,-0.26489788,0,train
503,-2.0671701,-1.5434631,0,train
504,-2.123144,-1.4121346,0,train
505,-1.9477949,-2.6082854,0,train
506,-2.029227,1.8453239,1,test
507,-2.1973937,1.5949467,1,train
508,-1.8941209,2.7914975,1,test
509,-1.8222108,3.6634054,1,train
510,-2.025574,-1.5883703,0,train
511,-1.9074577,-2.6795511,1,train
512,-1.7971969,-3.508848,0,train
513,-2.026554,-1.943477,0,train
514,-2.1041536,-1.6216418,0,test
515,-1.8829898,2.024657,1,train
516,-2.1277466,2.473385,1,train
517,-1.9577595,-2.2639055,0,test
518,-2.2893984,1.2813843,1,train
519,-2.2978609,1.2766976,1,train
520,-2.3328106,1.7974242,1,train
521,-1.7192978,3.0083642,1,train
522,-2.128586,-1.2626573,0,train
523,-1.939755,2.3536224,1,test
524,-1.9843256,1.8953832,1,train
525,-1.8948983,-2.8533478,0,train
526,-1.925385,-2.5090811,0,train
527,-2.1849177,1.6382189,1,train
528,-2.0810485,1.9963286,0,train
529,-2.0886514,-1.2478387,0,train
530,-2.1167552,-1.153789,0,test
531,-2.2649918,1.6565009,1,train
532,-2.182225,1.1080542,1,train
533,-2.003311,-2.2937152,0,train
534,-2.1616528,1.6340655,1,train
535,-1.792599,2.3840854,1,train
536,-2.0401142,-1.930872,0,train
537,-1.9815229,1.6051803,1,train
538,-2.1164012,-1.3929332,0,train
539,-2.0476558,-1.972254,0,train
540,-1.7796519,2.155137,1,train
541,-1.9641818,-2.2531416,0,train
542,-2.0085175,-1.9896075,0,train
543,-1.9005125,2.174309,1,train
544,-1.5602272,2.7024248,1,train
545,-2.0053692,-2.080006,0,train
546,-2.1119745,-1.1661527,0,train
547,-1.8032647,-3.1594927,0,test
548,-2.3437836,1.2008222,1,train
549,-2.0293565,1.8988935,1,train
550,-1.8554481,-3.418168,0,train
551,-1.8527198,1.7069732,1,test
552,-2.2201426,1.1287428,1,train
553,-1.9842478,-1.9843522,0,test
554,-1.6834868,2.3286185,1,test
555,-1.889139,-2.7810128,0,test
556,-1.6855038,3.2824607,0,train
557,-2.1703942,-1.0633148,0,train
558,-1.7786295,2.034466,0,test
559,-2.2328823,-0.72657174,1,train
560,-1.6628205,2.0706835,1,train
561,-2.2655504,1.0916994,1,train
562,-2.0431106,-1.8900824,0,train
563,-1.995905,-2.2380633,1,test
564,-2.0258145,-2.2670376,0,train
565,-2.0059562,-2.4324002,0,test
566,-1.9925188,-2.3456876,0,train
567,-2.3239124,0.45398805,1,train
568,-1.8003818,2.8708668,1,test
569,-1.8417711,2.1979866,0,train
570,-1.983916,-2.2277563,0,train
571,-1.7565906,2.4694376,1,test
572,-2.181792,2.0260086,1,train
573,-1.9840595,2.5927892,1,train
574,-1.5551981,3.6009555,1,test
575,-2.108922,-1.2863494,0,train
576,-1.6912426,-4.070936,0,train
577,-1.9947556,2.18285,1,test
578,-2.013275,1.2646376,1,test
579,-2.2238276,0.96202666,1,train
580,-1.8932961,1.4345623,1,train
581,-1.9021995,-2.4726253,1,train
582,-2.0602705,1.1574286,1,train
583,-1.8299956,-3.0790777,0,test
584,-2.186256,1.1231353,1,test
585,-1.7804123,-3.5206861,1,train
586,-1.9609244,-1.9923722,0,train
587,-1.8980154,-2.7252698,0,train
588,-2.1743548,-0.97097117,0,train
589,-1.8812436,-2.6884224,1,train
590,-2.0854776,1.9211073,1,train
591,-2.2580156,1.1962079,1,train
592,-1.5671546,2.6061423,1,train
593,-1.9767823,-1.8235369,0,train
594,-2.1489637,1.0738038,1,train
595,-1.9392259,1.6822844,1,test
596,-2.0739033,-1.3107759,0,train
597,-2.242369,2.292319,1,train
598,-1.7956183,-2.905917,0,test
599,-2.121278,-1.1482258,0,train
600,-2.1436512,2.3902,1,train
601,-2.1340256,-0.7816246,0,train
602,-2.023686,-1.8208126,0,train
603,-1.701062,2.3110054,1,train
604,-2.200448,1.4406329,1,test
605,-2.2862685,-0.17425112,0,train
606,-1.802394,2.7287436,1,train
607,-2.096703,-1.5633639,0,train
608,-2.0698977,-1.5363666,0,train
609,-1.9144685,-2.5291514,0,test
610,-2.1876836,-0.8357626,0,train
611,-1.6013848,2.2890878,0,train
612,-1.5437775,3.1971712,1,train
613,-2.270899,1.8999705,1,train
614,-2.126204,2.4151084,1,train
615,-1.7940147,-3.3679385,0,train
616,-2.073025,-1.5077709,0,train
617,-1.8812704,-2.9877472,0,train
618,-1.8762887,-2.60749,1,test
619,-1.6677572,2.199484,1,test
620,-2.026234,1.931509,1,test
621,-2.0526032,-1.7651101,0,train
622,-2.3873186,1.154373,1,test
623,-2.0495443,-1.6489964,0,train
624,-1.9509307,2.5407038,1,train
625,-2.1460252,1.2856485,1,train
626,-2.1293905,1.9497385,1,test
627,-2.0192044,-1.9888546,0,train
628,-2.1638837,1.6640486,1,train
629,-2.2242556,-0.9399389,1,train
630,-1.9524822,-2.2937834,0,train
631,-2.0793347,-1.6030726,0,train
632,-2.195564,-0.6960041,0,train
633,-1.5582922,2.2896044,1,train
634,-2.2423432,0.7996395,1,train
635,-2.1442358,-1.2302508,0,train
636,-1.9629781,-2.333003,0,test
637,-2.1234326,-0.8306974,1,test
638,-1.9612905,2.7214327,1,train
639,-1.8562864,-3.074194,0,train
640,-1.9683995,-1.7683048,0,train
641,-2.031773,-2.0848517,0,train
642,-2.0213413,2.1834435,1,train
643,-1.9456744,2.2713082,1,train
644,-1.8672453,2.9575863,1,train
645,-2.0961199,-1.1295081,1,test
646,-2.0057683,-1.8753921,0,train
647,-2.0504665,1.9790347,1,train
648,-1.8013297,2.5303462,1,train
649,-2.3779752,0.37056348,0,test
650,-2.0522604,-1.9583393,1,train
651,-1.7877234,2.6054251,1,train
652,-1.7501606,3.0512524,1,train
653,-2.0746865,-1.7030574,0,train
654,-1.8703396,2.390017,1,train
655,-1.6971427,3.254984,1,train
656,-2.1019535,-1.3040413,1,train
657,-1.9431669,-2.6531613,0,test
658,-1.5689962,2.7890675,1,train
659,-2.0814803,-1.3051189,0,train
660,-1.8661572,-3.1481667,0,test
661,-2.0343902,-1.7931771,0,train
662,-2.0483065,-1.8882556,0,train
663,-1.7872704,2.8033044,1,train
664,-1.9774463,-2.357248,0,train
665,-2.438906,1.5911742,1,train
666,-2.1554947,-0.9389697,0,train
667,-1.7863878,-3.2491546,0,train
668,-1.8725656,2.2429996,1,test
669,-2.101321,-1.270646,0,train
670,-1.8765835,2.5553567,1,test
671,-1.9267075,2.6757655,1,train
672,-1.8764195,-2.718442,0,train
673,-2.1335208,-1.4621701,0,train
674,-2.0472298,-1.5020543,0,train
675,-2.1779068,0.8771708,1,test
676,-2.2397745,2.184427,0,train
677,-2.3164203,2.1267922,1,train
678,-2.2010384,1.6360064,0,train
679,-1.8346694,1.8286197,1,train
680,-1.857141,2.794532,1,train
681,-1.9796365,2.5358667,1,train
682,-1.7068491,2.9021068,1,train
683,-1.7969807,2.2509282,1,train
684,-1.5207293,1.9596709,1,test
685,-1.9227158,3.4006944,1,train
686,-1.9622525,1.727582,1,train
687,-1.7859713,3.5109932,1,train
688,-1.8630353,-2.6947415,0,train
689,-1.94553,-2.5770733,0,test
690,-1.9349383,-2.4465792,0,train
691,-2.011342,-1.9840784,0,train
692,-1.9334717,2.4751415,1,train
693,-2.1272295,-1.0864617,1,test
694,-1.9637076,-2.3217242,0,train
695,-1.962251,-2.093055,0,train
696,-2.1221259,2.1796713,1,train
697,-2.0726686,1.4437169,1,test
698,-2.0810885,1.1158065,1,train
699,-2.1365495,1.8271663,0,train
700,-1.609489,3.3106885,1,train
701,-1.9856478,-1.9491392,1,train
702,-1.8439854,2.8450193,1,train
703,-1.8550919,-3.0308669,1,train
704,-2.0613098,1.2302114,1,train
705,-2.0705361,-1.8555458,1,train
706,-1.7313615,-3.5268965,0,train
707,-1.7194912,3.3866568,1,test
708,-2.2032642,2.0025558,1,train
709,-2.0587916,-1.6393887,0,test
710,-2.0503087,-1.9096519,0,train
711,-1.6960574,2.1305711,1,train
712,-1.8415816,-3.3403988,0,test
713,-2.0430315,2.4404895,1,train
714,-2.2456384,-0.4698936,0,train
715,-2.201898,-0.7931864,0,train
716,-1.954308,2.125175,1,train
717,-1.905737,-2.4893882,0,train
718,-1.9706668,1.539737,1,test
719,-1.8856561,-2.8860126,0,test
720,-1.9283416,2.3049526,1,train
721,-1.7873998,1.7558314,1,test
722,-2.067765,2.226879,1,test
723,-1.8815855,2.4366786,1,train
724,-1.955376,-2.684686,0,train
725,-1.7399101,1.8796362,1,train
726,-1.8900787,1.8143522,1,train
727,-2.1117783,-1.1483208,0,test
728,-1.9745,-2.0290356,0,train
729,-1.817453,2.5834594,1,train
730,-1.8972327,-2.707511,0,test
731,-2.0805526,-1.3041648,0,train
732,-2.1731718,-0.52813727,0,train
733,-1.9726248,1.5190777,1,train
734,-1.8444979,1.8375587,1,train
735,-2.2498484,1.1813002,1,test
736,-1.9743366,-1.9324737,0,train
737,-1.8702298,1.8350221,1,train
738,-1.9237175,-2.6889918,0,train
739,-2.0148523,2.043531,1,train
740,-1.915643,1.3044037,1,train
741,-2.0657432,-1.6043916,0,train
742,-2.2748044,-0.23706123,0,train
743,-1.949837,-1.9993706,0,train
744,-2.0119529,-2.0684416,0,train
745,-1.7895222,2.2260506,1,train
746,-1.852183,2.244377,1,test
747,-2.225614,2.0569232,1,train
748,-1.7158617,2.4571896,1,train
749,-1.9267082,-2.6180549,0,train
750,-1.9719876,-2.1716826,0,train
751,-1.9413488,2.3151712,1,train
752,-2.007219,-1.6560967,0,test
753,-1.9212507,-2.4499786,1,train
754,-1.8173293,-3.2787828,0,train
755,-2.2098594,1.0545537,0,train
756,-2.087972,2.8353548,1,test
757,-2.2279544,0.010466971,0,train
758,-2.0134673,-1.7605418,0,train
759,-1.7850806,-3.0884469,0,train
760,-1.9530969,-2.2394493,0,train
761,-1.841606,-2.9184418,0,train
762,-2.2843034,2.761411,1,train
763,-2.4685338,0.54929197,0,test
764,-1.9161063,-2.260813,0,train
765,-2.0970497,-1.22584,0,train
766,-2.0479481,-1.7733538,0,train
767,-1.990998,-1.9045374,0,train
768,-2.0347176,-1.8136473,0,train
769,-2.1230795,-1.282309,0,test
770,-2.1448257,1.5114757,1,train
771,-2.0654964,-1.5656449,0,test
772,-2.2803075,0.4256008,1,train
773,-2.0450542,-1.7605479,0,train
774,-2.0164871,1.893279,1,train
775,-1.9071103,-2.415026,0,train
776,-2.153868,-1.3022755,0,test
777,-1.9567444,-2.29993,1,train
778,-1.8068472,2.3722963,1,test
779,-1.7610574,-3.1592004,0,train
780,-1.9891955,-1.9825791,0,test
781,-2.1905024,2.0278342,1,train
782,-1.9073397,-2.8323708,0,test
783,-1.8708191,-2.7684908,1,train
784,-1.9066393,3.150566,1,test
785,-1.8305154,3.5434592,1,train
786,-1.5723861,3.2616925,1,test
787,-2.0723412,-1.7494195,0,train
788,-1.9714472,1.8655325,0,train
789,-1.8594052,3.009503,0,train
790,-1.9855257,-1.8483592,0,train
791,-2.0623894,-1.3744143,0,test
792,-1.7892009,1.610685,1,train
793,-2.0691783,-1.42348,0,test
794,-2.1735935,-1.2266196,0,test
795,-2.1116173,1.9426349,1,train
796,-1.7849039,-3.2045643,0,test
797,-2.1836157,1.5667424,1,test
798,-1.942514,-2.0410423,0,train
799,-1.8763533,-2.5006518,0,test
800,-1.9135863,-2.7673645,0,train
801,-2.0928214,-1.49,0,test
802,-1.795538,-3.4083996,0,test
803,-1.7013103,2.856391,0,train
804,-2.011704,2.495913,1,test
805,-1.9143397,-2.76475,0,train
806,-2.1328957,-0.90976906,0,train
807,-1.9566756,-2.3114343,0,train
808,-2.1719499,1.3073341,1,train
809,-1.89389,2.2916121,1,train
810,-1.8791711,-2.2685685,0,test
811,-1.8619213,2.425097,1,train
812,-2.4129703,0.8319329,1,train
813,-2.0864267,1.5393645,1,train
814,-2.0415108,-1.747441,0,train
815,-2.2528365,0.6170563,1,train
816,-2.0944445,2.32779,1,test
817,-1.822994,2.8883078,1,test
818,-1.9530131,2.6083262,1,test
819,-2.378681,0.66879874,1,train
820,-1.8370678,2.7486486,1,test
821,-2.163548,-0.84063476,0,train
822,-1.8641683,-2.868154,0,train
823,-1.9947048,-2.0610638,0,test
824,-1.9950231,0.73106265,1,train
825,-1.6334665,3.2298658,1,train
826,-2.0316758,2.8047338,1,train
827,-1.9292058,-2.2872741,0,train
828,-1.8306292,-2.9314253,0,train
829,-2.1851027,-0.736313,0,train
830,-2.375422,0.026127106,1,train
831,-2.1092758,-1.599153,1,train
832,-2.030083,-1.6876868,0,train
833,-2.1971424,2.1019254,1,train
834,-1.9785984,-2.2722473,0,test
835,-2.0343726,-1.6381427,0,train
836,-2.1946034,-0.8051267,0,train
837,-1.9726272,-2.5169063,0,train
838,-1.7787225,3.0061007,1,train
839,-1.75428,2.6291018,1,train
840,-2.0424836,2.1169665,1,test
841,-2.0492735,-1.191834,0,test
842,-2.1351829,1.4592247,0,train
843,-2.1815493,-0.9725011,0,train
844,-1.9100766,-2.8851593,0,test
845,-2.0305746,-1.9234307,0,train
846,-1.9917231,-2.3597698,0,train
847,-1.9403908,1.7680786,1,train
848,-1.8378963,1.5848831,1,train
849,-2.0669265,0.26369765,1,train
850,-1.9807647,-1.8815808,0,train
851,-1.9233838,2.2047882,1,train
852,-2.0871694,1.9572296,1,test
853,-1.7887714,-3.201194,0,train
854,-1.8781006,1.7715937,0,test
855,-2.0638683,2.3307946,1,train
856,-1.9666563,-1.7658085,0,train
857,-1.9140507,-2.3351567,0,train
858,-1.771935,-3.2153516,0,train
859,-2.1409547,1.8991201,1,train
860,-1.8363775,2.0733213,1,train
861,-2.1405032,0.55443215,1,train
862,-1.6553179,3.224551,1,test
863,-2.200859,0.6401206,1,train
864,-1.8388876,2.000732,1,train
865,-1.990275,-1.9212134,1,train
866,-1.9012896,1.6636255,1,train
867,-2.1119113,-1.186491,0,train
868,-1.9995353,-2.0825398,0,train
869,-1.6515954,2.833974,1,train
870,-2.0133631,-1.8704579,0,train
871,-2.2645245,1.2147458,1,train
872,-1.9519131,-2.4302993,0,train
873,-2.0193064,-2.340305,1,test
874,-1.9265738,-2.3512425,0,train
875,-1.872934,2.2459183,1,train
876,-1.9415975,1.7953463,1,train
877,-2.0257273,1.9252656,1,train
878,-1.9658897,-2.375318,0,test
879,-1.7281269,-3.7196672,0,train
880,-2.5347726,0.9343305,1,train
881,-2.1777515,2.218647,1,train
882,-2.1860588,1.7744793,1,train
883,-1.8138477,1.5435117,0,train
884,-2.0045495,-1.8039778,0,train
885,-1.3826342,3.1099901,1,train
886,-1.8204288,1.6706514,1,train
887,-1.8871901,2.5723124,1,train
888,-2.2165751,-0.9269114,0,train
889,-2.0616226,2.4204667,1,train
890,-1.8753096,2.6395879,1,test
891,-1.8565662,-3.039209,0,train
892,-2.0558598,-1.7819463,0,train
893,-2.1483305,-0.62102,0,train
894,-2.2015128,1.4563757,0,test
895,-2.045945,-1.9407998,0,train
896,-2.0486197,-1.9005129,0,train
897,-1.9768361,-2.4654493,0,train
898,-2.1728852,1.5758348,1,test
899,-2.046267,-1.7673112,0,train
900,-2.0039175,-1.9133416,0,train
901,-2.1310246,1.8666364,1,train
902,-2.2732692,-0.3460766,0,test
903,-2.1271544,2.3640287,0,train
904,-1.8419114,-2.7064707,0,train
905,-1.9199189,2.24494,1,test
906,-1.8933802,1.8753209,0,train
907,-2.0517,1.2405307,1,train
908,-1.9672824,-2.2172554,0,train
909,-1.9560018,-2.294106,0,train
910,-2.0919056,-1.1354504,0,train
911,-2.1479752,1.109642,1,train
912,-1.6426433,2.740232,0,train
913,-1.7573416,1.7093074,1,train
914,-2.1554945,-1.2191119,0,train
915,-2.2068882,0.65081054,1,train
916,-1.9291189,-2.5336163,0,train
917,-2.1761856,1.0109338,1,train
918,-2.1085663,1.9121228,1,train
919,-2.081025,1.9541217,1,test
920,-1.9169809,-2.621917,0,train
921,-1.9137406,-2.4457304,0,train
922,-1.9319122,-2.1998909,0,train
923,-1.8573797,-2.65241,0,test
924,-2.0533092,-1.8738841,0,test
925,-1.8417169,-2.8152194,0,train
926,-2.096732,1.8301079,1,train
927,-1.9526795,-1.9904958,0,train
928,-2.131894,-1.1324286,0,test
929,-1.847903,-2.881594,1,train
930,-1.9806664,1.4461994,1,train
931,-1.9918951,-2.2518713,0,test
932,-2.0616488,1.1001563,1,train
933,-1.9785649,-2.4045818,0,test
934,-1.7017114,2.333615,1,train
935,-2.3616858,0.33912858,1,test
936,-2.105564,1.6661868,1,train
937,-2.1403027,-1.1424488,0,test
938,-1.9043156,1.7404149,1,train
939,-2.062357,-1.8504244,0,train
940,-1.8172299,-3.11714,0,train
941,-2.1665578,2.8264465,1,test
942,-2.3275285,1.6608832,0,train
943,-2.1093695,1.6538832,1,train
944,-2.08402,-1.5869886,1,train
945,-1.9917878,-2.0331795,0,train
946,-2.039467,-1.7674392,0,test
947,-1.9322699,2.7835627,1,train
948,-2.0132022,-1.9033811,0,train
949,-1.9298353,-2.4811726,0,train
950,-1.7556759,2.1015577,1,train
951,-2.0206358,1.8272817,1,train
952,-2.0550368,2.7596529,0,train
953,-2.0870187,-1.3616781,0,train
954,-2.214136,2.31362,1,train
955,-1.9240043,1.1866441,1,train
956,-2.203085,-0.58138055,0,test
957,-2.064342,-1.346553,0,test
958,-2.2355125,0.95984215,1,train
959,-2.0429778,-1.9553041,0,train
960,-2.021484,-1.7328305,0,test
961,-2.0486476,-1.2586477,0,test
962,-2.0724616,-1.373134,0,test
963,-1.5679966,2.36671,1,train
964,-1.9908104,-1.9481248,0,train
965,-1.7595131,-3.4924972,0,train
966,-1.6165723,2.946096,1,train
967,-2.2909865,1.2539308,1,train
968,-2.1889203,-0.9350255,0,train
969,-1.89476,2.7914314,1,train
970,-2.0438886,-1.9442787,1,train
971,-2.1298902,-1.0442904,0,train
972,-1.8611448,-2.8463027,0,train
973,-2.0817342,-1.4371945,0,train
974,-2.0887609,-1.5188911,0,train
975,-1.9576449,2.5683208,1,train
976,-2.1182346,1.0102667,1,train
977,-1.9394119,-2.2740192,0,test
978,-1.820213,-2.8194406,0,train
979,-1.9898013,-1.8843116,0,train
980,-2.2529585,1.966962,1,train
981,-2.4491947,0.8185422,1,train
982,-1.9226844,-2.391584,0,train
983,-1.8307387,1.6865182,1,train
984,-1.9893215,3.0987446,1,train
985,-2.0059023,-2.076133,0,train
986,-1.7043905,2.201992,1,train
987,-2.1426814,-0.9900259,0,test
988,-1.90904,-2.7287054,1,train
989,-2.0630064,0.98178256,0,train
990,-1.951465,-2.343544,0,test
991,-2.2920287,2.1164975,1,test
992,-1.8163201,3.3375137,1,test
993,-2.0294638,1.2364849,1,train
994,-1.8226737,-3.1561146,0,test
995,-1.8673422,-2.8975325,0,train
996,-2.0248458,-1.8874694,1,test
997,-1.9135875,-2.632618,0,train
998,-1.9728074,-2.12418,0,train
999,-1.9554948,1.9806691,1,train
1000,-2.1187701,1.8497251,0,test
1001,-1.7904121,2.625696,0,train
1002,-2.0971005,-1.1992779,0,test
1003,-1.6757852,-3.937436,1,train
1004,-2.2847316,0.7509321,1,train
1005,-2.1604724,-0.8586211,1,train
1006,-1.8912249,-2.6833272,0,train
1007,-1.8667463,1.4878955,1,train
1008,-1.9930621,2.2912033,1,train
1009,-2.100315,1.6619731,0,train
1010,-2.2484517,2.0979362,1,train
1011,-1.9536533,1.829698,1,test
1012,-1.7768208,2.2221744,1,train
1013,-1.98543,-1.5514579,0,train
1014,-2.1235547,1.4914001,1,test
1015,-2.0772452,-1.6680554,0,test
1016,-1.8798835,-2.6310554,0,train
1017,-1.8706533,2.4995291,1,train
1018,-1.814343,-3.111007,0,test
1019,-2.1926126,-0.4801966,0,test
1020,-2.565711,1.2578018,1,train
1021,-1.9041528,2.597173,1,train
1022,-1.8871231,1.9810728,1,test
1023,-2.0389242,-1.718469,0,train
1024,-2.160789,0.54170585,1,train
1025,-1.8459044,-2.815382,0,train
1026,-1.9289495,-2.6033852,0,test
1027,-2.0541162,-1.6936511,0,test
1028,-1.7743325,2.182657,1,train
1029,-2.148125,-1.12347,0,test
1030,-1.9514582,-2.0116558,0,train
1031,-2.1836364,1.5697243,1,train
1032,-1.9976712,-2.2209952,0,train
1033,-2.1706488,1.0869485,1,train
1034,-2.1499896,0.8083908,1,test
1035,-1.8535953,2.8757088,1,train
1036,-1.9273804,-2.5800407,0,train
1037,-1.8570238,-2.7241998,0,train
1038,-1.6986858,2.4539735,1,train
1039,-2.0396187,1.492885,1,train
1040,-1.7371285,2.2291849,0,train
1041,-1.9905188,-2.0749366,1,test
1042,-2.0132635,-2.0805154,0,train
1043,-1.8151829,1.9190003,1,train
1044,-2.2449725,1.1157601,1,train
1045,-2.1753082,-0.75274676,0,train
1046,-2.0252516,2.167999,1,test
1047,-1.9933258,-2.0236425,0,train
1048,-1.8176026,-3.0544193,0,train
1049,-2.134747,-1.3115997,0,test
1050,-1.914032,-2.1023526,0,train
1051,-1.9324121,1.6851491,1,train
1052,-2.1775253,2.032111,1,train
1053,-2.3385024,0.09892202,0,train
1054,-1.8437161,2.1775491,1,test
1055,-1.8897741,-2.8241084,0,train
1056,-2.185403,1.2449899,1,train
1057,-2.2814484,0.52856666,1,train
1058,-2.1464453,1.3955432,1,train
1059,-1.8949268,-2.686751,0,test
1060,-1.7905059,-3.5661645,0,train
1061,-1.8140163,-3.1316652,0,train
1062,-1.9536927,2.3602715,1,train
1063,-2.0129662,2.086901,1,test
1064,-2.0598252,-2.0156593,0,train
1065,-1.9509448,3.108263,0,train
1066,-1.8398547,-3.3167589,0,train
1067,-2.0100405,2.6840994,1,train
1068,-1.641025,2.756957,1,train
1069,-2.4231703,1.3566954,1,train
1070,-2.0575738,2.1645265,1,train
1071,-2.202502,1.9809887,1,train
1072,-2.1515818,-1.0820545,0,train
1073,-2.6104975,0.5827618,1,train
1074,-2.0828283,-1.4440234,0,train
1075,-1.8730335,-2.643704,0,train
1076,-2.1658957,1.8739414,1,train
1077,-1.9655074,-2.0510597,1,train
1078,-2.2094948,1.1493583,1,train
1079,-2.3997197,0.61517197,1,test
1080,-2.0486705,2.750625,1,train
1081,-1.9793625,1.6080743,1,train
1082,-1.9635847,-2.2919018,1,test
1083,-2.3785272,1.0716034,1,train
1084,-1.9935906,2.504826,1,train
1085,-2.065012,-1.5568357,0,train
1086,-2.0851502,1.6215197,1,train
1087,-1.9475092,-2.5898113,0,train
1088,-1.9178867,-2.4789622,0,train
1089,-2.1782892,2.1373427,1,test
1090,-2.0149217,2.2001219,1,train
1091,-2.129281,-1.0934265,0,train
1092,-2.1038902,-1.6117755,0,train
1093,-2.0248456,1.5566216,1,train
1094,-1.985481,-2.2357004,0,train
1095,-1.9468489,-2.2307208,0,train
1096,-1.9723809,2.6006265,1,train
1097,-2.364453,1.2658893,1,train
1098,-2.0092475,-2.0415022,0,test
1099,-2.0673807,-1.7763846,0,train
1100,-1.8241919,1.6557748,1,test
1101,-1.9490352,0.9946365,1,train
1102,-2.19291,-0.76257485,1,train
1103,-1.7939925,-3.504812,0,train
1104,-2.2210488,-0.82106423,0,train
1105,-1.9433345,-2.5587914,0,train
1106,-1.7966397,2.3867228,1,train
1107,-1.989165,-1.8793677,0,train
1108,-2.51456,0.74407345,1,train
1109,-1.8670659,-2.664943,0,test
1110,-2.1017628,-1.6538918,0,train
1111,-2.2833655,0.4853885,1,train
1112,-1.7549238,1.9677625,1,train
1113,-1.9949471,-1.9530413,0,train
1114,-2.1858766,-0.8756464,0,train
1115,-2.221706,-0.8071029,0,train
1116,-2.0362394,-1.7361275,1,train
1117,-1.8992568,-2.6560447,1,test
1118,-2.0385795,-1.626351,0,train
1119,-1.6565602,-4.22062,0,train
1120,-1.8658792,-2.8815787,0,test
1121,-2.2014184,1.4352878,1,train
1122,-2.0817263,1.5297494,1,train
1123,-2.2176518,1.5749463,1,train
1124,-2.0656614,-1.5664166,0,train
1125,-2.0678658,1.8329595,1,train
1126,-1.953679,2.3930473,0,test
1127,-2.0663931,2.4549582,1,test
1128,-2.1381283,2.6132843,1,train
1129,-2.2247186,1.9188342,1,test
1130,-1.838164,2.1488092,1,test
1131,-1.7816026,-3.1367025,1,train
1132,-2.0036497,0.90534645,1,train
1133,-2.1315844,-1.137796,1,train
1134,-2.1094851,2.4584253,1,test
1135,-1.8650366,2.1435623,0,test
1136,-1.8819067,-2.8110318,0,train
1137,-1.7528623,2.9737554,1,train
1138,-2.1668186,0.8891568,1,test
1139,-2.3301241,0.8271335,0,train
1140,-2.0690582,1.6538222,1,train
1141,-2.116085,-1.0880501,1,train
1142,-1.9199371,1.8501747,1,train
1143,-2.0247226,1.167642,1,train
1144,-2.1471522,1.6323645,1,train
1145,-1.8637836,2.8459475,1,train
1146,-2.048239,-1.5942515,0,train
1147,-1.8226905,2.638052,1,test
1148,-2.341806,0.21438834,1,train
1149,-2.0959365,2.377751,1,train
1150,-1.7518581,2.3087332,1,train
1151,-1.8527695,-3.0418868,0,test
1152,-1.9820715,-1.8196777,0,test
1153,-1.9865923,2.5179658,1,train
1154,-2.2282624,1.7943174,1,train
1155,-1.8716586,2.7118838,1,train
1156,-2.4734344,0.8404534,0,test
1157,-1.8057536,-3.4221919,0,test
1158,-2.0000808,1.9825124,1,train
1159,-2.023366,2.5125952,1,test
1160,-1.873354,-2.8992815,0,test
1161,-1.7249554,3.2241359,1,train
1162,-1.9925997,-1.9552741,0,test
1163,-1.8210589,2.366958,1,test
1164,-1.6034476,2.7468014,1,train
1165,-2.0439177,2.1123953,1,train
1166,-1.9160141,2.1180515,1,test
1167,-1.9726988,2.1391966,1,test
1168,-1.8513169,1.423526,0,test
1169,-1.9736911,2.4544644,1,train
1170,-2.1049416,-1.3153431,0,train
1171,-2.075622,-1.4186186,0,train
1172,-1.9886705,-2.0933416,0,train
1173,-1.8439075,-3.0181987,0,train
1174,-2.075017,0.15902229,1,test
1175,-1.7375741,2.924432,1,train
1176,-2.1624827,1.7424921,0,train
1177,-1.9856367,-2.0943804,0,train
1178,-1.9215479,2.2814598,1,test
1179,-1.9560287,2.3872168,1,train
1180,-1.8591101,-2.6293597,0,test
1181,-1.8311262,2.8369308,1,train
1182,-2.1854675,-1.0617498,0,test
1183,-2.2038882,0.81073713,1,train
1184,-2.1753664,1.5072924,0,train
1185,-1.974011,-2.276312,0,train
1186,-2.0693855,-1.4034476,1,train
1187,-2.414544,1.4097828,1,train
1188,-2.143282,-1.2600478,0,test
1189,-1.9098648,-2.4975665,0,train
1190,-2.0622475,-1.4318588,0,train
1191,-2.21596,1.5688577,1,train
1192,-1.7785853,2.8436096,1,test
1193,-2.272836,-0.5428015,0,train
1194,-1.9427377,2.2936895,1,train
1195,-1.9600017,-2.2846882,1,train
1196,-1.8049818,2.306488,1,test
1197,-2.036624,2.9667132,1,train
1198,-1.9005967,2.121082,1,train
1199,-2.154842,-1.0142167,0,train
1200,-2.2369902,1.5218619,1,train
1201,-2.0335479,-2.100187,0,train
1202,-2.2757587,0.0077633304,0,train
1203,-1.9329107,-2.4459436,0,train
1204,-1.9360127,-2.461998,0,train
1205,-1.8727444,-2.5483398,0,train
1206,-2.2436626,0.5192074,1,train
1207,-1.9576921,-2.5252898,0,train
1208,-2.1314075,2.485455,1,train
1209,-2.2203174,-0.9209586,0,train
1210,-1.7739964,1.5618191,1,test
1211,-2.0513492,-2.1438024,0,train
1212,-1.7023302,-3.8674204,1,test
1213,-2.1586745,2.2007363,1,train
1214,-2.115348,1.805833,0,train
1215,-1.5708408,2.8407373,1,train
1216,-2.0518053,-1.668639,0,train
1217,-1.9145005,-2.8553011,0,test
1218,-1.5951003,3.0435863,1,train
1219,-2.1088524,0.9156609,1,test
1220,-1.9072059,2.9637306,1,train
1221,-1.9342744,1.5110323,1,train
1222,-2.2049406,-0.7451723,0,train
1223,-1.7950199,2.666118,1,train
1224,-1.9596484,-2.1479752,0,train
1225,-1.8380573,-2.8512173,1,train
1226,-1.8907448,3.3484309,0,train
1227,-1.938581,-2.223157,0,train
1228,-2.0486429,-1.5721918,0,train
1229,-1.8163486,2.1847281,1,train
1230,-1.9353495,-2.195565,0,train
1231,-1.7443943,2.8360019,1,train
1232,-1.7979627,-3.3530562,0,train
1233,-1.9139321,-2.5784104,1,train
1234,-1.7046188,2.998764,1,test
1235,-2.1351266,1.3481057,1,train
1236,-2.4868784,2.1017382,1,test
1237,-2.0685093,1.3544692,1,train
1238,-1.8670282,-2.6845758,0,test
1239,-1.9177828,-2.1242275,0,train
1240,-2.1463225,-0.9816753,0,train
1241,-1.6398164,3.2399914,1,train
1242,-1.9424132,-2.1496956,0,train
1243,-1.7341987,-3.7693493,1,test
1244,-2.0959275,1.5367271,1,train
1245,-2.3692646,1.4433855,1,test
1246,-1.9156071,2.302965,1,train
1247,-1.7525795,2.9612584,1,train
1248,-2.2017074,1.3594292,1,train
1249,-2.2314072,-0.68653685,0,train
1250,-2.090998,1.8585956,1,test
1251,-2.159644,1.6322387,1,train
1252,-2.0514731,1.8940903,1,test
1253,-1.9178466,-2.0975852,0,train
1254,-1.9106747,2.584693,1,train
1255,-2.0096774,1.8527786,1,test
1256,-1.9265834,-2.34835,0,train
1257,-1.9285513,-1.8692222,0,test
1258,-2.2466779,-0.7367863,0,train
1259,-1.9410137,-2.0393567,0,train
1260,-1.985099,-1.6958306,1,train
1261,-2.1897533,1.9823768,1,train
1262,-2.0501075,-1.4969212,0,train
1263,-2.2030156,1.2636634,1,train
1264,-2.0130322,2.9439592,1,test
1265,-2.09591,1.929667,1,train
1266,-1.9735725,-1.9221127,0,train
1267,-1.7448579,3.2136605,1,train
1268,-2.1614165,1.528951,1,train
1269,-1.8165646,2.3043885,1,train
1270,-2.0238461,-1.6397058,0,test
1271,-1.7093543,2.4853473,1,train
1272,-1.9302174,-2.6032639,0,train
1273,-1.9673027,-2.525328,0,test
1274,-2.131662,1.0485058,1,test
1275,-1.7344482,-3.3244622,0,train
1276,-2.1783621,-0.6971011,1,test
1277,-1.8660477,1.7746141,1,test
1278,-1.8822924,2.596455,1,train
1279,-1.7911931,-3.286109,0,train
1280,-1.7672114,2.1526184,1,test
1281,-2.0599082,-1.7280616,1,test
1282,-1.9545836,1.5530318,1,test
1283,-2.0021055,2.0178816,1,train
1284,-2.166157,1.6836315,1,train
1285,-2.0649471,1.246431,1,test
1286,-2.2151253,1.4330176,1,train
1287,-1.9756181,-2.0975223,0,train
1288,-1.9739416,-2.1007543,0,train
1289,-2.0068238,2.060754,1,train
1290,-1.8343217,-3.0035408,0,test
1291,-2.069953,-1.6565682,0,train
1292,-2.2058833,1.2952627,1,train
1293,-1.9555022,-2.0629895,1,test
1294,-2.3217247,1.9571218,1,train
1295,-1.7610303,-3.539321,0,train
1296,-2.022907,-1.646046,0,train
1297,-1.9056746,2.2006996,1,train
1298,-2.3112757,1.4347513,1,train
1299,-1.9131411,1.9773364,1,train
1300,-1.9204658,-2.2829113,0,train
1301,-1.9790037,-2.0949316,0,test
1302,-1.8862245,-2.9161637,0,train
1303,-1.8630799,-3.0570934,0,train
1304,-2.1511889,1.277389,1,train
1305,-1.9854467,-2.0514147,0,test
1306,-2.0332046,-1.930847,0,train
1307,-1.7868474,-3.2918127,0,train
1308,-2.0489242,2.2862673,1,train
1309,-1.9744077,-2.2725558,0,train
1310,-2.018425,1.7460647,0,train
1311,-2.1103437,1.855288,1,train
1312,-2.0333762,1.618651,1,train
1313,-1.6786735,2.7722824,1,train
1314,-1.9697137,-2.0257874,0,test
1315,-2.3022523,1.703527,1,test
1316,-1.8828392,-2.812192,0,train
1317,-2.1713114,1.0902776,1,train
1318,-2.361692,0.980613,1,test
1319,-1.9891059,2.0909135,1,train
1320,-2.0334532,2.4583468,1,train
1321,-1.8449174,2.3737316,1,train
1322,-1.8526764,1.9010966,1,test
1323,-1.9845692,-1.9499688,0,train
1324,-1.8928134,-2.7671022,0,train
1325,-1.9193139,-2.713336,0,train
1326,-1.9679863,-1.9419565,0,train
1327,-1.8128934,2.9312491,1,test
1328,-2.232739,-0.27717015,0,train
1329,-2.0285125,2.2404795,1,test
1330,-2.061352,-1.5327411,0,test
1331,-2.0589037,-1.0994279,0,train
1332,-2.0998843,-1.6407893,0,train
1333,-2.0967736,-1.4387392,0,test
1334,-1.6955329,-4.4506764,0,train
1335,-2.0782576,-1.425136,0,train
1336,-2.3040507,1.775319,1,train
1337,-2.0696592,-1.2646898,0,test
1338,-1.8377763,-2.8063097,0,test
1339,-2.0010319,-2.3159437,0,test
1340,-1.8316096,2.4344223,1,train
1341,-1.8752474,2.8798785,1,train
1342,-1.9696513,-2.2453437,0,test
1343,-1.9140364,-2.4262953,0,train
1344,-1.857422,2.2933993,1,train
1345,-2.0046139,1.6464814,1,test
1346,-2.1920896,1.0275307,1,train
1347,-2.149976,1.6262023,1,train
1348,-2.112329,-1.2373216,0,train
1349,-2.0477388,2.1482425,1,train
1350,-2.212878,1.6490276,1,train
1351,-1.9089038,-2.5227582,0,train
1352,-1.7804804,-3.5384493,0,train
1353,-2.021998,-1.7598858,0,train
1354,-2.1385877,-1.4208344,0,test
1355,-1.8112166,-3.3063219,0,train
1356,-1.9183886,-2.3672836,0,train
1357,-1.9333756,-2.1303115,0,train
1358,-1.8748527,1.7437462,1,train
1359,-2.116922,-1.526622,0,train
1360,-2.0337467,2.536544,1,train
1361,-2.3273928,0.3917931,0,train
1362,-1.9985423,1.5372064,1,train
1363,-2.1444755,2.3274755,1,train
1364,-1.9893498,-1.9866455,0,train
1365,-1.6883558,-4.1405525,0,test
1366,-1.7745718,-3.040901,0,train
1367,-1.96142,-2.129796,0,test
1368,-1.8189658,-3.1694217,0,train
1369,-1.9661821,-2.2868786,0,train
1370,-1.8930111,-2.6246905,0,train
1371,-1.9614403,-2.1415892,0,train
1372,-1.7397352,-3.4365928,0,train
1373,-2.0218637,-1.9827076,0,train
1374,-2.0651176,1.6190907,1,train
1375,-1.7022554,3.7058141,1,train
1376,-2.1268787,-1.2736948,0,train
1377,-1.9884216,1.0573262,1,train
1378,-2.0971131,-1.6552128,0,test
1379,-1.9971042,-1.8194703,0,train
1380,-1.9241523,-2.773829,0,train
1381,-2.027092,-1.4455358,0,test
1382,-2.0307882,-1.458703,0,train
1383,-1.8882576,-2.5265822,0,test
1384,-2.0682695,-1.7132567,0,train
1385,-1.9110675,-2.7515025,0,train
1386,-2.015794,2.750188,0,train
1387,-2.174202,-0.9131875,1,train
1388,-1.9504758,-2.1605222,0,train
1389,-1.8328538,2.7232301,1,train
1390,-1.967473,-2.5270169,0,test
1391,-1.7688092,3.134457,1,test
1392,-1.963019,-2.066733,0,train
1393,-1.8263905,3.174134,0,test
1394,-2.1032255,1.0099182,1,train
1395,-1.8895718,1.9543694,1,test
1396,-2.1130283,1.7777302,1,train
1397,-1.9948429,-1.9387857,0,train
1398,-1.5488557,2.3809597,1,train
1399,-1.8331796,1.6410964,1,train
1400,-2.038128,-1.6429847,0,train
1401,-1.8253282,2.6992626,1,train
1402,-1.9998356,-1.9750493,0,test
1403,-2.040928,-1.6151092,0,train
1404,-2.000669,1.6295872,1,train
1405,-2.0240138,1.8766582,1,train
1406,-2.0014036,-2.240928,0,train
1407,-2.2673361,1.7820041,1,train
1408,-2.0069551,1.4077126,1,train
1409,-2.174849,-0.83354574,0,train
1410,-1.7513024,1.979279,1,train
1411,-1.8048164,3.0153964,1,train
1412,-2.1441202,1.7520897,1,train
1413,-2.0962913,1.7880522,1,train
1414,-1.901758,-2.6217492,0,test
1415,-1.8655853,2.4374537,1,test
1416,-1.8282619,-3.186806,0,test
1417,-2.1831694,-1.1348642,1,test
1418,-2.0726454,-1.822907,1,train
1419,-2.1341794,-1.5061077,0,train
1420,-2.2713783,1.3880912,1,train
1421,-1.921013,-2.6114428,0,train
1422,-2.1590548,1.9646505,1,train
1423,-1.9445773,-2.633046,0,train
1424,-1.7094096,-3.7095892,0,train
1425,-2.4167597,1.4798814,0,train
1426,-2.0280774,-2.1361895,0,train
1427,-2.0913143,-1.5908363,0,test
1428,-1.8467493,2.620375,1,train
1429,-1.890699,0.9218779,1,train
1430,-1.9027084,-2.448244,0,test
1431,-2.0249872,2.0492923,1,train
1432,-2.1279788,-1.094504,0,test
1433,-2.1660717,-1.321919,0,test
1434,-2.0129485,1.4098442,1,train
1435,-1.8559027,2.8230321,1,train
1436,-2.2191496,-0.4648716,0,test
1437,-2.0701568,1.9124403,1,train
1438,-1.861316,2.798075,1,train
1439,-1.76423,-3.2786083,0,train
1440,-1.7961818,2.4860039,1,train
1441,-2.1347501,-1.0986036,0,train
1442,-1.8290548,-3.046194,0,train
1443,-1.8540514,3.0592773,1,train
1444,-2.1599724,-0.7777832,0,train
1445,-1.8608651,-2.8190327,0,train
1446,-2.0576622,-1.824476,1,train
1447,-1.8916113,2.8389874,0,train
1448,-1.849082,1.5336621,1,train
1449,-1.9018608,-2.4612172,0,test
1450,-2.0232263,-2.0101178,0,train
1451,-2.058658,-1.8576839,0,train
1452,-1.4008986,3.603567,1,train
1453,-2.120553,-1.0270144,1,train
1454,-2.0091126,-2.0299096,0,train
1455,-2.0936832,-1.422645,0,train
1456,-1.8635017,2.4464812,0,train
1457,-2.0382898,-1.4484237,0,train
1458,-2.0208013,0.5777233,1,train
1459,-2.0221415,-1.549921,0,train
1460,-2.1701982,1.9418316,1,train
1461,-1.973131,-1.9196051,0,train
1462,-2.2883205,0.955003,1,train
1463,-1.899471,-2.5747225,0,train
1464,-1.9384837,1.6032016,0,test
1465,-2.0193677,-1.822458,0,train
1466,-1.7746003,3.296398,1,train
1467,-1.9393381,2.0749366,1,train
1468,-2.1076958,-1.2129614,0,train
1469,-1.4475201,4.3687644,1,train
1470,-2.223686,1.3292416,1,test
1471,-2.028031,-1.7570329,0,train
1472,-1.8819249,2.1543667,1,train
1473,-1.8984977,-2.393593,0,train
1474,-1.9516182,-2.012,0,test
1475,-1.9318472,2.294166,1,train
1476,-1.9691083,-1.9639288,1,train
1477,-1.9217883,-2.3759348,0,test
1478,-1.6870252,3.1438665,0,test
1479,-1.9548922,-2.3690143,0,test
1480,-2.1049054,1.8306322,1,train
1481,-2.1422093,1.5093828,0,train
1482,-1.9517864,3.0346715,1,train
1483,-1.728709,-3.5494967,1,test
1484,-1.7005372,2.8171551,1,train
1485,-2.0438488,-1.7883189,0,test
1486,-1.7778444,1.8357778,1,train
1487,-2.2534592,3.2133653,1,train
1488,-1.9908006,-2.168085,0,train
1489,-1.9806788,-2.3099864,0,train
1490,-2.1813095,1.917006,1,train
1491,-2.0658982,-1.5758284,0,train
1492,-2.240752,-0.64503396,0,test
1493,-1.8158901,2.3213766,1,train
1494,-1.8604589,3.1632283,1,train
1495,-2.0940752,-1.063362,0,train
1496,-1.9813825,-2.2880502,0,train
1497,-1.8460492,2.1089025,1,train
1498,-1.8784473,2.3383553,0,train
1499,-1.9452763,3.3620896,1,test
1500,-2.0424712,-1.6788589,0,train
1501,-1.7702768,1.8814206,0,test
1502,-1.9446806,-2.295565,0,train
1503,-1.972259,1.7116076,1,train
1504,-2.1016607,-1.0877417,0,train
1505,-1.9713367,-2.1911702,0,train
1506,-1.792149,1.591161,1,train
1507,-1.9651606,-2.109681,0,test
1508,-2.4141614,1.0127167,1,train
1509,-2.0605032,-1.4865803,1,train
1510,-1.9671452,-2.5737274,0,train
1511,-2.0518425,2.014065,1,train
1512,-2.1671605,2.1669133,1,test
1513,-1.8787197,-3.0009046,0,test
1514,-2.523233,1.5824242,1,train
1515,-2.0819073,2.2296333,1,train
1516,-2.1289728,1.530509,1,train
1517,-1.5823022,2.9232428,0,train
1518,-2.181743,1.9359498,0,train
1519,-1.9818553,2.1273525,1,train
1520,-1.738446,2.4569743,1,train
1521,-2.0566912,-1.695451,0,test
1522,-1.9459242,1.9075125,0,test
1523,-1.7021195,2.865902,1,train
1524,-2.0274947,-1.8948075,0,train
1525,-2.090496,3.0867577,1,train
1526,-2.0061042,-1.816807,0,train
1527,-2.1331065,1.6665665,1,test
1528,-2.4556181,1.3500016,1,train
1529,-1.7740673,-3.4502416,0,train
1530,-1.7571629,-3.8738613,0,train
1531,-1.6956215,-3.605364,0,train
1532,-1.7149861,2.7629964,1,test
1533,-2.019932,1.0271606,1,train
1534,-2.0479345,-1.8225405,0,train
1535,-2.0303226,-1.648048,0,train
1536,-1.8224106,-3.0500576,0,train
1537,-1.8190621,-3.393638,0,train
1538,-1.8555238,-3.3495917,1,train
1539,-2.3311265,1.3871655,1,train
1540,-2.1730347,1.7107399,1,train
1541,-1.7936677,-3.6991963,0,train
1542,-1.9141501,-2.4894516,0,train
1543,-2.1390224,-1.0973035,1,train
1544,-1.8264177,2.430319,1,test
1545,-2.43204,1.0910782,1,train
1546,-1.9405633,1.9954175,1,train
1547,-2.1025019,-1.5246997,0,train
1548,-2.016712,2.2460816,1,train
1549,-1.651021,1.8008797,1,train
1550,-2.1764994,-0.90791726,0,train
1551,-2.061386,-1.197702,0,train
1552,-2.2359273,1.9132298,1,train
1553,-2.2959507,1.4411869,1,train
1554,-1.8105681,1.8886595,0,test
1555,-1.8153205,-3.1752086,0,train
1556,-2.0310807,-1.540935,0,train
1557,-2.3132038,1.7869397,1,train
1558,-2.2065682,1.1397389,1,train
1559,-2.1138508,-0.81908965,0,test
1560,-2.1280355,1.9994478,1,test
1561,-2.0686057,-1.3978094,0,train
1562,-2.1354415,-1.0995355,0,test
1563,-2.0059433,-2.1974497,0,test
1564,-2.0410874,-1.6789232,0,train
1565,-2.125726,-1.14519,0,test
1566,-2.0790527,1.8448241,1,train
1567,-2.2600083,1.0955683,1,test
1568,-2.0750763,1.642393,1,train
1569,-1.8584318,-2.7604425,0,test
1570,-2.168535,1.1541659,1,test
1571,-1.6948704,2.8614404,1,test
1572,-2.1134393,2.2043781,1,test
1573,-2.3186064,1.2883897,1,train
1574,-1.8284931,-3.0302255,0,test
1575,-1.9814997,-2.0398436,0,train
1576,-2.077444,-1.4646823,0,test
1577,-2.1993973,-0.695295,0,test
1578,-2.0102513,-1.777844,0,train
1579,-1.9100817,2.3505323,1,train
1580,-2.459974,1.7244347,1,train
1581,-1.760317,2.5820704,1,train
1582,-2.0684352,-1.5662655,0,train
1583,-2.0205543,-1.7694123,0,test
1584,-2.106909,-1.3847448,0,train
1585,-2.0630467,1.5295526,1,test
1586,-2.071058,-1.7711242,0,train
1587,-1.8146933,-3.4773614,0,test
1588,-1.9939927,2.3369071,1,test
1589,-2.0979273,2.2649245,1,train
1590,-2.1046095,1.1459358,1,test
1591,-1.7816485,-3.3179882,0,train
1592,-1.61082,-4.2410474,0,train
1593,-2.392823,0.8108803,1,train
1594,-1.8802671,-2.9178813,0,train
1595,-2.1361496,0.621356,0,train
1596,-2.0388072,1.9669964,0,train
1597,-2.0120642,-1.8605256,0,train
1598,-1.760938,-3.6407747,1,train
1599,-1.9723598,-2.026463,0,train
1600,-2.2565596,0.933486,1,test
1601,-2.0735528,1.9630072,1,train
1602,-2.2031224,-0.47969082,1,train
1603,-2.0985413,1.9145356,1,test
1604,-2.1046498,0.72677165,1,test
1605,-2.1183598,-1.2669207,0,train
1606,-1.9192822,1.9208724,1,train
1607,-1.9322314,1.9565179,1,test
1608,-1.893073,-2.7534783,0,test
1609,-1.9693584,-2.1225808,0,train
1610,-1.9795972,-2.5444844,0,train
1611,-1.9053842,1.3362161,1,train
1612,-1.9506845,-2.272659,0,test
1613,-1.9772581,1.4248517,1,train
1614,-2.1829739,0.958496,1,train
1615,-2.132207,1.5640309,1,test
1616,-2.0610456,-1.61534,0,train
1617,-1.8484578,-3.1051085,0,train
1618,-1.9454043,-2.1814122,0,train
1619,-1.7668328,2.8526528,1,train
1620,-1.8746644,2.3008566,1,train
1621,-2.0104012,-1.9354956,0,train
1622,-1.8559024,2.3188186,1,train
1623,-2.0631018,-1.8220515,0,test
1624,-1.8892863,2.17913,0,test
1625,-2.1216445,-1.387269,0,train
1626,-1.9807366,-1.4931703,0,train
1627,-2.0773196,2.4100509,1,train
1628,-1.8022584,-3.3026462,0,train
1629,-1.9902328,-2.2816212,0,test
1630,-2.007915,2.188626,1,train
1631,-2.1047983,2.0483189,0,test
1632,-1.7122574,3.4876623,1,train
1633,-2.1924345,-0.75425595,1,test
1634,-2.030132,1.5730696,1,train
1635,-1.8529359,3.1286125,1,train
1636,-1.9907746,-2.2954051,0,train
1637,-2.031699,1.2977561,1,train
1638,-2.137148,-1.0819486,0,train
1639,-1.6654813,3.6832519,0,train
1640,-1.9018375,-2.4657426,0,train
1641,-2.075755,-1.4932349,0,train
1642,-2.039755,2.0759609,1,test
1643,-1.8904546,1.9214417,1,train
1644,-1.8860265,1.6324506,1,test
1645,-1.980037,-1.976488,0,train
1646,-2.0465999,1.8577931,1,train
1647,-1.90909,-2.5417252,0,test
1648,-2.0904696,1.4508653,1,train
1649,-1.942992,-2.2646124,0,train
1650,-1.8341417,2.1658056,1,train
1651,-2.066006,-1.6087316,0,train
1652,-2.2598972,1.1980262,1,test
1653,-1.8674164,-2.8961687,0,test
1654,-1.8426493,-2.9271636,0,train
1655,-2.13128,0.79847056,1,test
1656,-1.9329647,-2.6444936,0,train
1657,-2.2937334,-0.29578403,0,test
1658,-2.2768362,1.0738194,1,test
1659,-1.7609676,-3.3550906,0,train
1660,-2.0054522,-1.813402,0,train
1661,-1.58067,3.0263941,1,train
1662,-2.1551254,0.91478336,1,test
1663,-1.6267272,3.3224225,0,test
1664,-1.7656891,2.5213292,1,train
1665,-2.0915518,0.8995956,0,train
1666,-2.0318213,2.309276,0,train
1667,-1.985688,-1.9945828,0,test
1668,-1.921525,-2.462027,0,train
1669,-2.128679,-1.0838478,0,train
1670,-1.9996867,1.8899709,1,test
1671,-2.2441726,1.3842266,0,train
1672,-2.2094102,-0.8076768,0,test
1673,-1.9419695,-2.1438644,0,train
1674,-2.0054333,1.9916832,1,test
1675,-1.9675078,-2.4824958,1,train
1676,-2.017774,1.8183725,1,train
1677,-1.9625185,-2.3492613,0,train
1678,-1.9783518,-2.5588994,0,test
1679,-1.7231807,3.8570473,1,train
1680,-2.2016053,2.227047,1,train
1681,-2.1083736,-1.5414948,0,test
1682,-2.0056798,1.6118715,1,train
1683,-2.1667957,-1.3972006,0,test
1684,-1.6412194,2.677972,1,test
1685,-2.136005,1.716366,1,train
1686,-2.0484166,2.053369,1,train
1687,-2.3137965,1.7365121,1,train
1688,-2.07035,3.1364245,1,train
1689,-1.9326929,-2.3111694,1,train
1690,-2.1375253,1.9530597,1,train
1691,-1.6838336,2.7252684,1,train
1692,-2.134621,-1.3331261,0,test
1693,-2.2340202,0.8686707,0,train
1694,-1.7824235,-3.401271,0,train
1695,-2.2583935,1.4099602,1,train
1696,-1.8944529,-2.4968648,0,train
1697,-1.926074,-2.4186034,1,train
1698,-1.8047814,1.9659402,1,train
1699,-1.8522733,2.8599815,1,train
1700,-1.7806736,1.5117764,1,train
1701,-1.943238,2.869586,1,train
1702,-2.0714417,-1.3415545,0,test
1703,-2.060159,2.413332,1,test
1704,-2.3037894,1.0961024,1,train
1705,-2.01647,-1.8266642,0,train
1706,-1.9855665,1.9514111,1,test
1707,-1.8673929,-3.372317,0,test
1708,-1.8763345,-2.6528165,0,train
1709,-1.9525901,-2.3193395,1,test
1710,-1.775095,2.8554575,1,train
1711,-2.072848,-1.5964994,0,test
1712,-1.9893471,-1.5874206,0,train
1713,-1.7271113,2.856888,1,train
1714,-1.9996297,2.0738497,1,train
1715,-1.9100965,-2.1710668,0,train
1716,-1.6010228,2.2918198,1,test
1717,-2.1475754,-0.72227305,0,train
1718,-2.127761,-1.2132741,0,train
1719,-2.0436091,2.5059273,1,test
1720,-1.7447449,3.2436206,1,train
1721,-2.0273008,-1.6882732,0,train
1722,-2.1967316,1.0977571,1,train
1723,-2.1202006,2.441182,0,train
1724,-1.9907796,1.444094,1,train
1725,-1.960969,-1.8824255,0,train
1726,-2.1373448,1.6040188,1,test
1727,-1.9637572,-2.1454833,0,train
1728,-1.7932564,2.5546913,1,train
1729,-1.879925,-3.1934593,0,train
1730,-1.9730388,-2.4010932,0,train
1731,-2.0726047,1.3505337,1,train
1732,-1.964315,-2.4077494,0,train
1733,-1.6616696,-4.0392566,0,test
1734,-2.1809323,1.5611856,1,train
1735,-2.1695282,-0.5587667,0,train
1736,-2.1542835,1.7727827,1,train
1737,-1.8348995,3.2887137,1,test
1738,-1.4885263,2.5104074,1,train
1739,-2.083266,-1.4080614,0,test
1740,-1.9931092,-2.031057,0,train
1741,-1.9624372,-2.2606807,0,train
1742,-2.2619905,2.5116868,1,train
1743,-1.9109305,-2.4407141,0,train
1744,-1.9918636,-2.166709,1,test
1745,-2.1115212,1.3179054,1,train
1746,-1.8107113,-2.953731,1,train
1747,-2.1186235,1.2460389,1,train
1748,-1.9191726,-2.3691278,0,test
1749,-2.0531301,2.520491,1,test
1750,-2.061833,-1.8143121,0,train
1751,-1.9122409,-2.8578787,0,test
1752,-1.9398054,-2.433171,0,test
1753,-2.2122273,2.1478267,1,train
1754,-2.24216,-0.48877993,0,train
1755,-2.1361673,-1.4204234,0,test
1756,-2.0549943,-1.5544661,0,train
1757,-1.9556628,-2.2203088,0,train
1758,-1.9151707,-2.6187842,1,test
1759,-2.1086216,-1.6011735,0,train
1760,-1.9184446,2.4981062,1,train
1761,-1.9664825,2.285927,1,train
1762,-1.9621701,3.0127895,1,test
1763,-2.4373477,0.6463281,1,test
1764,-1.7774632,-3.4123285,0,train
1765,-1.6012256,3.5208116,1,test
1766,-1.7322203,2.4077754,1,train
1767,-2.0009475,-2.3633256,0,train
1768,-1.8444214,3.0905843,1,test
1769,-1.7913264,-3.352493,0,test
1770,-1.8185377,3.1202874,1,test
1771,-1.9925169,-1.7589428,0,train
1772,-2.1457286,-0.9918634,0,train
1773,-1.6622221,2.7492566,1,train
1774,-2.1154182,-1.4511595,1,test
1775,-1.7999518,2.6249537,1,test
1776,-1.893415,-2.351565,0,test
1777,-1.8498482,3.565767,1,train
1778,-1.938331,-2.6386106,0,test
1779,-1.868398,-3.2910724,1,train
1780,-1.9145863,2.7806623,1,train
1781,-2.0755792,-1.3067567,0,train
1782,-2.3619523,0.80658996,0,train
1783,-2.043127,-1.8176445,0,train
1784,-2.1011956,-1.3595031,0,train
1785,-2.0946739,2.353973,1,test
1786,-2.0511515,0.9752211,1,train
1787,-1.8852711,2.2522852,1,train
1788,-1.9968998,-1.8727045,0,train
1789,-2.1003222,-1.5948673,0,test
1790,-2.2772942,0.9921656,1,train
1791,-1.9089484,-2.782719,0,test
1792,-1.918248,-2.2424836,1,train
1793,-2.0998938,-1.2806547,0,train
1794,-2.018661,-2.065886,0,train
1795,-2.0418904,-1.5202922,0,train
1796,-1.9131258,-2.4765763,0,train
1797,-1.9494219,-2.4801323,0,train
1798,-1.9509062,1.969276,1,test
1799,-2.0667808,-1.6818352,0,train
1800,-2.0743244,2.4829078,0,test
1801,-2.1502998,1.175024,1,train
1802,-1.924734,-2.3921683,0,train
1803,-2.0859792,-1.2740995,0,train
1804,-2.0437586,1.916093,1,test
1805,-1.8550348,2.444043,1,train
1806,-1.8896815,-2.5512514,1,train
1807,-2.0134466,-1.6843095,0,train
1808,-1.8514519,2.6831553,1,train
1809,-1.8765377,2.5346491,1,train
1810,-2.0174086,2.4415028,1,test
1811,-1.8695328,-3.1216815,1,test
1812,-2.008931,1.7742337,1,test
1813,-1.7840624,-3.252704,0,train
1814,-2.053547,-1.6159987,0,train
1815,-2.075938,-1.2021677,0,train
1816,-1.9542707,2.35554,1,test
1817,-2.083398,-1.4632143,0,train
1818,-2.0853648,1.9826456,1,test
1819,-1.8977497,-2.782563,0,test
1820,-2.0398242,2.2010713,0,train
1821,-1.8824391,3.33824,0,train
1822,-1.8283372,-3.4482462,0,train
1823,-2.0485203,-1.7430289,0,train
1824,-2.157232,-1.295436,0,train
1825,-1.9599754,-2.3611085,0,test
1826,-2.0075548,1.7145307,1,train
1827,-1.979227,1.4794625,1,train
1828,-2.3182464,1.3596923,1,train
1829,-2.2173488,0.96107215,1,train
1830,-2.0261617,-1.8258164,1,train
1831,-2.105171,-0.94311744,1,test
1832,-1.926028,-2.3026466,0,train
1833,-2.2133288,-0.4746486,0,train
1834,-2.4000504,0.45334336,1,train
1835,-2.18187,2.3764257,1,test
1836,-1.6983736,1.59469,1,test
1837,-2.1202245,-1.1692079,0,train
1838,-2.144144,0.7826231,0,train
1839,-1.8620505,-2.7378726,0,train
1840,-1.9866614,-2.1772501,0,train
1841,-2.1918724,1.3663192,1,train
1842,-1.9585177,1.7874769,1,train
1843,-1.9352646,1.8322228,1,train
1844,-2.0563076,-1.6704717,0,train
1845,-1.9517933,2.732982,1,train
1846,-1.8955711,1.3736597,1,train
1847,-1.7341377,2.5161078,1,train
1848,-2.0075681,-2.0100775,0,train
1849,-2.0090783,-1.910751,0,test
1850,-1.880304,-2.3980792,0,train
1851,-2.0535789,-1.6607835,0,train
1852,-1.6865463,2.8346233,1,train
1853,-2.029257,-1.561862,0,train
1854,-2.2337573,1.141467,1,train
1855,-1.8333879,-3.2232907,0,train
1856,-2.1232579,-1.3860688,0,train
1857,-2.2906864,0.5080949,1,train
1858,-2.1646824,1.9904959,1,train
1859,-2.2831037,2.0763981,1,train
1860,-2.158724,2.319606,1,train
1861,-1.7256517,-3.901864,0,train
1862,-1.7867268,2.8289876,1,train
1863,-2.0481615,-1.5999517,0,train
1864,-2.0375454,-1.4947973,0,train
1865,-2.1826053,-0.6857911,0,test
1866,-2.4313843,0.72182345,1,train
1867,-1.8920825,2.7842605,1,test
1868,-2.0606668,-1.8667649,0,train
1869,-2.083882,-1.6316862,0,train
1870,-1.6546515,2.94708,1,train
1871,-1.8915211,2.4837935,1,test
1872,-2.0361388,-1.7823648,0,test
1873,-2.015187,2.5473113,1,train
1874,-2.0054424,-2.0636883,0,train
1875,-2.14974,-1.2282107,0,train
1876,-1.9157156,-2.968927,0,train
1877,-1.700094,2.3239975,1,train
1878,-2.0071404,-1.8619523,1,train
1879,-1.9859042,-1.7658387,0,test
1880,-1.9167854,-2.774971,0,train
1881,-1.9733598,1.8731862,1,test
1882,-1.8999051,1.6109141,1,test
1883,-2.2330663,-0.50674,1,train
1884,-2.2808208,1.0287205,1,train
1885,-1.9513711,-2.3169806,0,train
1886,-1.7424442,1.5355954,1,test
1887,-1.9496858,-2.2892642,0,train
1888,-1.6053736,2.0334132,1,train
1889,-1.785656,2.296704,1,train
1890,-1.9302465,2.1957397,1,test
1891,-2.130123,-1.6058965,0,train
1892,-2.1405382,2.032173,1,train
1893,-2.1271663,-1.8091576,0,train
1894,-1.9941059,2.337295,1,train
1895,-1.9424475,2.5001462,1,train
1896,-2.18351,2.2764397,1,train
1897,-1.7351677,3.0670302,1,test
1898,-1.8936603,-2.8001864,0,train
1899,-2.1743484,-0.9426986,0,train
1900,-2.0066252,1.6037396,1,train
1901,-2.1575308,0.49050337,1,train
1902,-1.884846,-2.6186283,0,train
1903,-1.836001,2.5100029,1,train
1904,-2.2972727,1.3884383,1,train
1905,-1.9562035,1.8706475,1,train
1906,-1.855467,-3.0831468,1,train
1907,-2.1208327,-1.3990049,0,test
1908,-2.2651548,-0.25389364,0,train
1909,-1.9301622,-2.720943,0,train
1910,-1.9862041,1.7021991,1,test
1911,-1.7765323,-3.0063007,1,train
1912,-1.8341589,2.249172,1,train
1913,-1.9766655,-1.9776477,0,train
1914,-2.1073344,-1.6431363,0,test
1915,-2.188409,-1.0690571,0,train
1916,-1.8533955,2.4518154,1,train
1917,-1.9646553,-2.3435314,0,train
1918,-1.7925512,3.022004,1,test
1919,-1.9820944,-2.3867314,0,train
1920,-1.5932847,2.66531,1,train
1921,-1.7653797,-3.134629,0,train
1922,-2.1044753,2.2423809,1,train
1923,-2.0640814,-1.7199091,0,test
1924,-1.9877402,2.0867178,1,test
1925,-1.8509263,1.1324863,1,test
1926,-2.039965,-1.7643539,0,train
1927,-2.0836406,-1.7271692,0,train
1928,-1.9146837,-2.2618377,0,train
1929,-2.0293515,2.0765374,1,train
1930,-1.7607014,2.256505,1,train
1931,-2.01469,-2.0354693,0,train
1932,-1.9246637,-2.4159646,0,train
1933,-1.8769188,3.3246732,1,train
1934,-1.9207748,-2.6651506,0,train
1935,-2.0645146,-1.4513671,0,train
1936,-2.0035696,-1.8319392,0,train
1937,-2.1048882,-1.59959,1,train
1938,-2.4613674,0.5879761,1,train
1939,-1.7711725,3.2875361,1,test
1940,-1.890807,1.8370578,1,train
1941,-1.8197767,1.6044353,1,train
1942,-1.8758742,-2.8311477,0,test
1943,-2.0158288,2.4039662,0,test
1944,-2.2280152,-0.3431832,0,train
1945,-1.831001,1.9077353,1,train
1946,-1.9175994,-2.707507,1,train
1947,-2.0032008,2.7224834,1,train
1948,-1.9842652,-2.4136634,0,train
1949,-2.0416875,1.8693689,1,train
1950,-1.9493712,2.9083297,1,train
1951,-1.9422767,2.2700522,1,train
1952,-1.801632,2.8534782,1,train
1953,-2.1293437,2.0537717,1,train
1954,-1.7302053,2.0990345,1,test
1955,-1.6914616,3.0617802,1,train
1956,-1.9453546,-2.0358737,0,test
1957,-1.8894627,2.1794844,1,train
1958,-2.0247788,-2.1552427,0,train
1959,-2.0069501,-2.1549878,0,train
1960,-2.2862816,1.0318465,1,test
1961,-2.2573142,1.4206045,0,train
1962,-2.023029,-1.9740077,1,train
1963,-2.2785656,1.1293185,1,train
1964,-2.034088,-1.6432728,0,test
1965,-2.068728,-1.5062708,0,test
1966,-2.1800997,1.6526045,1,test
1967,-2.031418,-1.7641366,1,train
1968,-2.634163,0.81177753,1,train
1969,-2.243204,-0.38996318,0,test
1970,-1.8800644,-2.655597,0,train
1971,-1.750794,-3.4644716,0,train
1972,-2.229271,-0.2461937,0,train
1973,-2.026064,-1.7892246,0,train
1974,-1.8629558,2.2350397,1,train
1975,-2.1577585,1.5482806,1,test
1976,-1.89578,-2.6059492,0,test
1977,-1.8137718,-3.409058,0,train
1978,-1.8623827,1.3134453,1,test
1979,-2.2829816,0.9217193,1,test
1980,-1.9853765,-2.019227,1,test
1981,-2.0561287,1.0549071,1,train
1982,-2.0489337,-1.7016244,0,train
1983,-2.0196924,-2.0082364,0,train
1984,-2.0166538,2.2092144,0,train
1985,-2.1942368,-0.7989168,0,test
1986,-2.0425365,2.1087782,1,train
1987,-2.2271228,1.3540953,0,train
1988,-1.9048287,2.6322904,1,test
1989,-1.9887445,-1.9427873,0,train
1990,-1.9112664,-3.034255,0,train
1991,-1.8704429,-2.67353,0,test
1992,-2.0575814,-1.7860018,0,train
1993,-1.8453993,2.7510815,1,train
1994,-2.0333757,1.9305686,1,train
1995,-1.5551888,3.2589607,1,train
1996,-1.8796525,-2.723323,0,train
1997,-2.2813728,0.52395827,1,train
1998,-1.9979205,2.427794,0,train
1999,-1.7287973,2.6609197,1,test
