model,train_f1,cv_f1,cv_sd,cv_accuracy,test_f1,test_accuracy
dummy,0.33716300935657173,0.33716228095879974,0.000802500377285898,0.5086666666666667,0.33687002652519893,0.508
tree_1,0.8953290571799398,0.8953213961207462,0.015393651741955316,0.8953333333333333,0.8839832935942775,0.884
tree_3,0.8973305491307888,0.8913117605891566,0.011686700804661627,0.8913333333333334,0.8799923195084485,0.88
tree_full,1.0,0.8178325507285444,0.028488072481716285,0.818,0.7799964799436792,0.78
tree_3_leaf20,0.8953290571799398,0.8953213961207462,0.015393651741955316,0.8953333333333333,0.8839832935942775,0.884
bagging,0.896160346337043,0.8946544850069191,0.015572508437663944,0.8946666666666667,0.8839832935942775,0.884
forest,0.8954932245245162,0.8939841780111047,0.016068954576972952,0.8939999999999999,0.8859776516197175,0.886
adaboost,0.8953290571799398,0.8953213961207462,0.015393651741955316,0.8953333333333333,0.8839832935942775,0.884
gradient,0.9014940513981218,0.8926545666157448,0.014986020070304475,0.8926666666666666,0.8779956078418822,0.878
stacking,0.8966604177988368,0.8953182376658055,0.015211040807367373,0.8953333333333333,0.8839832935942775,0.884
