id,actual,oof_pred
748,1,1
564,0,0
106,1,1
1660,0,0
1434,1,1
774,1,1
616,0,0
19,0,0
1379,0,0
1566,1,1
185,0,0
995,0,0
58,1,1
1957,1,1
74,1,1
1837,0,0
1412,1,1
1859,1,1
1759,0,0
158,1,1
1358,1,1
1450,0,0
573,1,1
1802,0,0
1232,0,0
757,0,0
127,1,1
1422,1,1
153,1,1
1251,1,1
451,0,0
1848,0,0
1852,1,1
377,1,1
1727,0,0
444,1,0
192,0,0
1132,1,0
542,0,0
10,1,1
80,1,1
40,0,0
1197,1,1
44,0,0
1359,0,0
414,1,1
1362,1,1
665,1,1
104,0,1
1933,1,1
1161,1,1
1701,1,1
1021,1,1
1374,1,1
948,0,0
720,1,1
1893,0,0
242,0,0
136,0,0
1844,0,0
1732,0,0
1073,1,1
1442,0,0
831,1,0
1155,1,1
1863,0,0
692,1,1
1096,1,1
1898,0,0
370,0,0
177,0,0
867,0,0
589,1,0
953,0,0
1113,0,0
325,1,1
292,0,0
187,1,1
1661,1,1
676,0,1
627,0,0
1094,0,0
1782,0,1
1324,0,0
190,0,0
701,1,0
1334,0,0
661,0,0
1453,1,0
1426,0,0
244,0,0
884,0,0
1271,1,1
17,0,0
125,0,0
562,0,0
803,0,1
842,0,1
1299,1,1
643,1,1
1690,1,1
146,1,0
1963,1,1
874,0,0
91,1,1
1424,0,0
1809,1,1
634,1,1
1721,0,0
1958,0,0
1517,0,1
1888,1,1
1542,0,0
1104,0,0
629,1,0
673,0,0
908,0,0
1164,1,1
408,0,0
744,0,0
1824,0,0
1191,1,1
1265,1,1
1103,0,0
1294,1,1
1223,1,1
1909,0,0
610,0,0
582,1,1
249,0,1
413,1,1
641,0,0
371,0,0
1184,0,1
1231,1,1
1386,0,1
298,0,0
397,1,1
671,1,1
1941,1,1
425,1,1
1870,1,1
1808,1,1
1568,1,1
309,0,0
258,0,1
1384,0,0
403,0,0
469,1,0
557,0,0
374,0,0
1352,0,0
117,0,0
633,1,1
926,1,1
390,1,1
1781,0,0
1410,1,1
1896,1,1
181,1,1
1638,0,0
1020,1,1
827,0,0
1955,1,1
199,1,1
1736,1,1
237,1,1
1618,0,0
767,0,0
1646,1,1
1693,0,1
1095,0,0
1860,1,1
1746,1,0
1396,1,1
137,1,1
1856,0,0
452,1,0
1307,0,0
163,1,1
1254,1,1
236,1,1
485,1,1
490,0,0
1723,0,1
677,1,1
1467,1,1
1303,0,0
1371,0,0
1194,1,1
608,0,0
667,0,0
825,1,1
442,0,0
522,0,0
1842,1,1
1530,0,0
480,1,0
1926,0,0
1635,1,1
1649,0,0
1757,0,0
1385,0,0
1486,1,1
1531,0,0
384,0,0
807,0,0
1139,0,1
3,1,1
1510,0,0
1328,0,0
1235,1,1
1158,1,1
860,1,1
1437,1,1
1121,1,1
1767,0,0
783,1,0
1110,0,0
828,0,0
1364,0,0
1509,1,0
379,1,1
504,0,0
98,0,1
1009,0,1
572,1,1
883,0,1
273,1,0
422,1,1
519,1,1
1847,1,1
317,0,0
283,1,1
979,0,0
1555,0,0
1115,0,0
1439,0,0
1229,1,1
151,1,1
1057,1,1
814,0,0
968,0,0
1766,1,1
159,0,0
1803,0,0
687,1,1
850,0,0
1195,1,0
695,0,0
1934,0,0
1032,0,0
978,0,0
363,1,1
1431,1,1
1389,1,1
1074,0,0
775,0,0
147,1,1
594,1,1
1750,0,0
891,0,0
541,0,0
1665,0,1
2,1,1
1149,1,1
1397,0,0
549,1,1
1534,0,0
1356,0,0
1822,0,0
1165,1,1
836,0,0
381,1,1
1361,0,1
635,0,0
1573,1,1
911,1,1
1038,1,1
1313,1,1
1535,0,0
984,1,1
1971,0,0
1875,0,0
240,0,0
1523,1,1
1537,0,0
1650,1,1
218,1,1
1289,1,1
1344,1,1
848,1,1
195,0,0
1920,1,1
1889,1,1
68,1,1
681,1,1
1700,1,1
1150,1,1
1830,1,0
1788,0,0
1930,1,1
1488,0,0
1092,0,0
198,1,1
1854,1,1
732,0,0
1214,0,1
1455,0,0
1037,0,0
1619,1,1
1797,0,0
893,0,0
97,0,0
13,1,0
62,1,1
356,0,0
1042,0,0
617,0,0
348,1,1
1557,1,1
1546,1,1
781,1,1
1366,0,0
129,1,1
341,0,0
561,1,1
615,0,0
470,1,1
55,0,0
1753,1,1
1064,0,0
904,0,0
1949,1,1
1498,0,1
1269,1,1
419,1,1
1084,1,1
705,1,0
1493,1,1
344,1,1
1705,0,0
958,1,1
1877,1,1
1951,1,1
194,0,0
925,0,0
327,0,0
1777,1,1
1275,0,0
148,0,0
642,1,1
1675,1,0
1209,0,0
741,0,0
267,0,0
366,0,0
1832,0,0
736,0,0
82,1,0
1226,0,1
1266,0,0
859,1,1
1370,0,0
792,1,1
1829,1,1
1575,0,0
640,0,0
1111,1,1
588,0,0
1972,0,0
72,1,1
1443,1,1
459,1,1
708,1,1
1756,0,0
742,0,0
1230,0,0
301,1,1
1088,0,0
1287,0,0
880,1,1
837,0,0
1052,1,1
1317,1,1
1885,0,0
66,0,0
398,1,1
1937,1,0
1691,1,1
1994,1,1
468,0,0
658,1,1
1050,0,0
1698,1,1
1620,1,1
605,0,0
1605,0,0
1640,0,0
1259,0,0
1172,0,0
1497,1,1
1764,0,0
1730,0,0
34,1,1
165,1,1
1048,0,0
57,0,0
1407,1,1
1553,1,1
1036,0,0
1715,0,0
1248,1,1
1891,0,0
1911,1,0
580,1,1
173,0,0
1676,1,1
533,0,0
170,0,0
288,1,1
788,0,1
1013,0,0
766,0,0
59,0,0
1869,0,0
24,0,0
949,0,0
1734,1,1
537,1,1
822,0,0
1928,0,0
1593,1,1
454,0,0
79,0,0
1490,1,1
737,1,1
1792,1,0
1233,1,0
951,1,1
418,0,0
120,0,0
839,1,1
1001,0,1
1071,1,1
1556,0,0
1341,1,1
603,1,1
1272,0,0
1641,0,0
266,0,0
1423,0,0
1065,0,1
295,1,1
84,1,1
407,0,0
450,1,1
773,0,0
1409,0,0
1144,1,1
1083,1,1
1445,0,0
241,1,1
1823,0,0
36,0,0
811,1,1
1820,0,1
435,0,0
999,1,1
872,0,0
1241,1,1
927,0,0
1630,1,1
910,0,0
1007,1,1
1636,0,0
972,0,0
1697,1,0
387,0,0
211,0,0
1122,1,1
1970,0,0
209,1,0
1735,0,0
45,0,0
1645,0,0
1945,1,1
702,1,1
27,0,0
1699,1,1
150,0,0
1291,0,0
838,1,1
1058,1,1
201,0,1
1278,1,1
871,1,1
1514,1,1
1363,1,1
1916,1,1
815,1,1
231,0,0
621,0,0
1687,1,1
543,1,1
21,0,0
1288,0,0
922,0,0
1428,1,1
886,1,1
1901,1,1
1101,1,1
130,1,1
1876,0,0
1679,1,1
1983,0,0
161,0,0
906,0,1
1473,0,0
723,1,1
96,1,1
1935,0,0
102,1,1
846,0,0
1061,0,0
599,0,0
1862,1,1
944,1,0
182,1,1
496,0,0
1609,0,0
1677,0,0
546,0,0
138,0,0
1010,1,1
1495,0,0
1347,1,1
1695,1,1
1981,1,1
1919,0,0
1173,0,0
465,1,1
1118,0,0
1454,0,0
1312,1,1
1258,0,0
1482,1,1
688,0,0
1547,0,0
1321,1,1
1598,1,0
1502,0,0
1247,1,1
297,1,1
1053,0,0
969,1,1
672,0,0
515,1,1
1902,0,0
461,0,0
321,0,0
917,1,1
559,1,0
114,0,0
1993,1,1
411,1,1
1549,1,1
111,1,1
1446,1,0
1696,0,0
1550,0,0
67,1,1
1815,0,0
847,1,1
1153,1,1
37,1,1
22,1,1
1239,0,0
1216,0,0
1325,0,0
1717,0,0
812,1,1
909,0,0
520,1,1
1685,1,1
870,0,0
1487,1,1
423,0,0
821,0,0
1171,0,0
829,0,0
225,1,1
167,1,0
169,1,0
942,0,1
359,0,0
1508,1,1
179,1,1
494,1,0
385,0,0
1357,0,0
263,1,1
1794,0,0
1200,1,1
210,1,1
334,0,0
1628,0,0
1826,1,1
1851,0,0
204,1,1
1099,0,0
963,1,1
1462,1,1
121,1,1
38,0,0
939,0,0
1283,1,1
368,0,0
1080,1,1
1316,0,0
264,0,0
1805,1,1
915,1,1
174,1,1
293,0,0
271,1,0
394,0,1
299,0,0
845,0,0
478,0,0
1131,1,0
1332,0,0
1519,1,1
921,0,0
1203,0,0
699,0,1
1331,0,0
694,0,0
1211,0,0
1267,1,1
1090,1,1
31,1,1
1694,0,0
369,1,1
606,1,1
1459,0,0
391,0,0
1883,1,0
49,0,1
227,1,1
320,0,0
535,1,1
1671,0,1
881,1,1
1170,0,0
110,0,0
1610,0,0
1377,1,1
760,0,0
895,0,0
1420,1,1
1249,0,0
1097,1,1
824,1,1
1845,1,1
1411,1,1
885,1,1
1817,0,0
1398,1,1
526,0,0
1986,1,1
311,0,0
1076,1,1
1515,1,1
1006,0,0
1813,0,0
1438,1,1
1457,0,0
1861,0,0
1145,1,1
570,0,0
1850,0,0
373,0,0
307,0,0
319,1,1
457,0,1
1984,0,1
54,0,0
1466,1,1
1827,1,1
1368,0,0
1729,0,0
1225,1,0
365,1,0
849,1,1
703,1,0
700,1,1
278,1,1
1761,1,1
664,0,0
934,1,1
124,1,1
1004,1,1
1187,1,1
118,0,0
345,0,0
222,1,1
1795,0,0
1349,1,1
313,0,0
93,1,1
1741,0,0
858,0,0
513,0,0
1304,1,1
879,0,0
300,0,0
95,0,0
1552,1,1
376,0,0
1213,1,1
50,0,0
1912,1,1
467,1,1
907,1,1
1298,1,1
76,1,1
428,1,1
1471,0,0
1599,0,0
1311,1,1
119,1,0
502,0,0
1320,1,1
276,0,0
1441,0,0
1990,0,0
1102,1,0
876,1,1
9,1,0
0,0,0
575,0,0
770,1,1
955,1,1
614,1,1
1834,1,1
728,0,0
686,1,1
71,1,1
221,1,1
866,1,1
1742,1,1
1108,1,1
1326,0,0
1713,1,1
587,0,0
162,0,0
714,0,0
503,0,0
214,1,1
1506,1,1
230,1,0
83,0,0
1355,0,0
1944,0,0
678,0,1
253,1,1
358,0,0
154,1,1
798,0,0
899,0,0
982,0,0
333,1,0
567,1,1
809,1,1
1688,1,1
1793,0,0
318,0,0
1458,1,1
713,1,1
304,0,0
1821,0,1
679,1,1
1712,0,0
536,0,0
229,0,0
1302,0,0
383,0,0
1062,1,1
489,0,0
399,0,0
481,1,1
105,0,0
294,0,0
380,0,1
1796,0,0
656,1,0
1518,0,1
1068,1,1
1754,0,0
1087,0,0
538,0,0
1541,0,0
1666,0,1
1292,1,1
501,1,1
1806,1,0
1561,0,0
650,1,0
1578,0,0
401,1,1
1309,0,0
305,1,0
943,1,1
1215,1,1
1336,1,1
12,1,1
233,0,0
787,0,0
1380,0,0
805,0,0
113,0,0
202,0,0
613,1,1
1105,0,0
488,0,0
1996,0,0
1894,1,1
1868,0,0
755,0,1
1403,0,0
936,1,1
507,1,1
1516,1,1
1475,1,1
985,0,0
1968,1,1
1481,0,1
1256,0,0
1300,0,0
1592,0,0
1240,0,0
965,0,0
1388,0,0
1005,1,0
1186,1,0
1382,0,0
1931,0,0
1626,0,0
449,1,1
745,1,1
404,1,1
1202,0,0
1043,1,1
89,0,0
477,1,1
993,1,1
556,0,1
77,1,1
14,0,1
1720,1,1
932,1,1
1310,0,1
1989,0,0
1494,1,1
112,0,0
654,1,1
1654,0,0
1892,1,1
592,1,1
473,1,1
1932,0,0
1116,1,0
437,1,1
1418,1,0
145,0,0
429,0,0
524,1,1
612,1,1
432,0,1
1440,1,1
1505,0,0
959,0,0
1207,0,0
989,0,1
539,0,0
597,1,1
930,1,1
690,0,0
638,1,1
743,0,0
107,1,1
1594,0,0
1828,1,1
1106,1,1
581,1,0
1731,1,1
1686,1,1
1747,1,1
39,0,0
717,0,0
1408,1,1
191,0,0
1421,0,0
1597,0,0
970,1,0
409,1,1
1286,1,1
400,0,1
1533,1,1
330,1,1
1033,1,1
386,0,0
1503,1,1
790,0,0
134,1,0
328,0,0
73,0,0
180,1,1
682,1,1
1296,0,0
1350,1,1
1086,1,1
220,1,1
433,1,1
864,1,1
1146,0,0
1030,0,0
532,1,1
947,1,1
1846,1,1
887,1,1
698,1,1
25,0,1
779,0,0
1858,1,1
1973,0,0
1952,1,1
1263,1,1
761,0,0
139,0,0
1551,0,0
455,0,0
971,0,0
550,0,0
920,0,0
659,0,0
420,0,0
768,0,0
1962,1,0
628,1,1
1242,0,0
144,0,0
1072,0,0
323,0,0
1107,0,0
1189,0,0
108,0,0
997,0,0
976,1,1
510,0,0
1419,0,0
7,0,0
1584,0,0
966,1,1
889,1,1
624,1,1
669,0,0
631,0,0
1016,0,0
393,1,1
346,1,1
1601,1,1
168,0,0
354,0,0
336,1,1
1839,0,0
981,1,0
1878,1,0
378,0,0
1780,1,1
1613,1,1
758,0,0
531,1,1
1461,0,0
1476,1,0
1413,1,1
569,0,1
762,1,1
544,1,1
1069,1,1
1081,1,1
257,1,1
986,1,1
579,1,1
1468,0,0
1779,1,0
1799,0,0
1404,1,1
1206,1,1
1787,1,1
1056,1,1
1169,1,1
189,1,1
738,0,0
123,1,1
1400,0,0
1460,1,1
683,1,1
1218,1,1
1387,1,0
903,0,1
646,0,0
630,0,0
1279,0,0
685,1,0
1538,1,0
740,1,1
1335,0,0
1047,0,0
226,0,0
1348,0,0
525,0,0
1447,0,1
863,1,1
43,1,1
1346,1,1
342,1,1
518,1,1
983,1,1
586,0,0
115,0,1
431,1,0
1790,1,1
132,0,0
1857,1,1
731,0,0
1392,0,0
1112,1,1
1025,0,0
516,1,1
1060,0,0
988,1,0
434,1,1
157,0,0
602,0,0
1253,0,0
1401,1,1
1959,0,0
704,1,1
724,0,0
1031,1,1
274,1,0
600,1,1
1044,1,1
1917,0,0
1921,0,0
1055,0,0
23,0,0
1927,0,0
1843,1,1
591,1,1
1648,1,1
892,0,0
1659,0,0
1140,1,1
1922,1,1
462,0,0
576,0,0
1353,0,0
350,1,1
585,1,0
639,0,0
493,1,1
1045,0,0
1548,1,1
1023,0,0
1704,1,1
1801,1,1
789,0,1
100,1,1
750,0,0
347,1,1
1833,0,0
913,1,1
324,0,0
1908,0,0
402,0,0
1997,1,1
395,1,0
53,1,1
1375,1,1
88,0,0
1205,0,0
1137,1,1
759,0,0
785,1,1
1673,0,0
710,0,0
213,0,0
1589,1,1
1580,1,1
246,0,0
566,0,0
916,0,0
938,1,1
552,1,1
248,0,0
438,1,1
680,1,1
1622,1,1
375,0,0
1904,1,1
410,1,1
1682,1,1
1760,1,1
1738,1,1
1992,0,0
234,1,0
1261,1,1
1123,1,1
1373,0,0
662,0,0
1581,1,1
1524,0,0
149,1,1
754,0,0
1974,1,1
1323,0,0
1728,1,1
835,0,0
1525,1,1
795,1,1
826,1,1
1579,1,1
1198,1,1
1874,0,0
279,0,0
1351,0,0
1136,0,0
1520,1,1
540,1,1
1611,1,1
545,0,0
625,1,1
361,1,1
280,1,0
1035,1,1
1621,0,0
861,1,1
339,1,1
853,0,0
647,1,1
747,1,1
272,1,1
832,0,0
1154,1,1
475,1,1
1017,1,1
1343,0,0
1360,1,1
306,1,1
1204,0,0
1435,1,1
156,1,1
1078,1,1
1977,0,0
47,1,1
1406,0,0
1067,1,1
101,1,1
338,0,0
1425,0,1
1745,1,1
896,0,0
1051,1,1
464,0,0
355,0,0
632,0,0
1718,0,0
954,1,1
466,0,0
172,1,1
1237,1,1
140,0,0
474,0,0
851,1,1
800,0,0
103,0,0
1496,0,0
725,1,1
726,1,1
1085,0,0
1596,0,1
830,1,1
142,0,0
362,0,0
1491,0,0
1039,1,1
1967,1,0
290,0,0
1394,1,1
674,0,0
1961,0,1
868,0,0
1680,1,1
491,0,0
1528,1,1
232,0,0
1075,0,0
1864,0,0
277,1,1
1220,1,1
1895,1,1
715,0,0
1743,0,0
1070,1,1
974,0,0
343,1,1
1190,0,0
430,0,0
1306,0,0
929,1,0
1947,1,1
1710,1,1
1040,0,1
869,1,1
1783,0,0
1998,0,1
453,1,1
471,0,0
1853,0,0
733,1,1
1228,0,0
1558,1,1
952,0,1
405,0,0
753,1,0
1469,1,1
843,0,0
1201,0,0
1429,1,1
1224,0,0
33,1,1
353,0,1
1773,1,1
1125,1,1
765,0,0
877,1,1
1668,0,0
856,0,0
1899,0,0
1526,0,0
312,1,1
1722,1,1
806,0,0
64,1,0
81,0,0
1786,1,1
975,1,1
254,1,1
1451,0,0
1284,1,1
1024,1,1
1142,1,1
1319,1,1
1465,0,0
1814,0,0
505,0,0
486,1,1
1614,1,1
1297,1,1
897,0,0
1529,0,0
1651,0,0
1176,0,1
1193,0,0
1472,1,1
912,0,1
1295,0,0
85,1,1
286,1,0
1771,0,0
651,1,1
1953,1,1
1543,1,0
1540,1,1
1369,0,0
663,1,1
326,1,1
1199,0,0
655,1,1
1595,0,1
1119,0,0
314,1,1
945,0,0
875,1,1
900,0,0
228,1,1
460,1,1
1093,1,1
29,1,1
1124,0,0
1591,0,0
1725,0,0
458,1,1
1625,0,0
427,0,0
1372,0,0
711,1,1
56,1,1
644,1,1
1308,1,1
980,1,1
1617,0,0
808,1,1
1399,1,1
1141,1,0
964,0,0
1456,0,1
1452,1,1
1185,0,0
857,0,0
607,0,0
1689,1,0
973,0,0
35,1,1
865,1,0
1784,0,0
1511,1,1
1936,0,0
764,0,0
653,0,0
1866,1,1
164,1,1
205,1,1
492,0,0
528,0,1
316,0,0
696,1,1
691,0,0
200,1,1
1602,1,0
479,1,1
1634,1,1
1463,0,0
509,1,1
998,0,0
255,0,0
918,1,1
521,1,1
1564,0,0
183,0,0
1244,1,1
270,0,0
1838,0,1
1268,1,1
238,1,1
833,1,1
1175,1,1
1643,1,1
1143,1,1
216,1,1
967,1,1
1222,0,0
1656,0,0
1504,0,0
590,1,1
1807,0,0
1448,1,1
1128,1,1
412,0,0
1915,0,0
1606,1,1
1545,1,1
1536,0,0
706,0,0
901,1,1
1221,1,1
1664,1,1
243,1,1
18,1,1
1905,1,1
1066,0,0
133,0,0
32,0,1
207,1,1
1012,1,1
1627,1,1
1913,0,0
1900,1,1
596,0,0
1376,0,0
1077,1,0
611,0,1
729,1,1
1246,1,1
1616,0,0
940,0,0
819,1,1
1480,1,1
143,0,0
739,1,1
281,1,1
310,1,0
1950,1,1
1903,1,1
1995,1,1
1008,1,1
495,1,1
1177,0,0
716,1,1
337,0,1
1484,1,1
1948,0,0
1179,1,1
1987,0,1
1183,1,0
813,1,1
1405,1,1
1740,0,0
128,1,1
772,1,1
445,0,0
888,0,0
212,1,1
1884,1,1
1880,0,0
65,1,1
1840,0,0
560,1,1
360,1,1
87,0,0
275,1,1
1003,1,0
777,1,0
623,0,0
48,0,0
1982,0,0
1929,1,1
751,1,1
855,1,1
1639,0,1
8,0,0
1946,1,0
484,1,1
63,1,0
1637,1,1
950,1,1
593,0,0
1114,0,0
268,1,1
1181,1,1
1227,0,0
1772,0,0
1708,0,0
529,0,0
1260,1,0
1906,1,0
1855,0,0
1714,1,1
1940,1,1
1724,1,1
648,1,1
1586,0,0
1091,0,0
1148,1,1
1444,0,0
1873,1,1
734,1,1
914,0,0
1208,1,1
247,1,1
512,0,0
322,1,1
382,0,0
1133,1,0
1841,1,1
1669,0,0
548,1,1
1887,0,0
441,0,0
1500,0,0
527,1,1
1262,0,0
1938,1,1
882,1,1
534,1,1
1632,1,1
1582,0,0
666,0,0
749,0,0
511,1,0
652,1,1
601,0,0
1028,1,1
5,1,1
1539,1,1
1340,1,1
1489,0,0
